id,State,City,Forecast Number,Date,Main Condition,Condition Description,Icon,Low Temperature,High Temperature,Humidity Percentage,Wind MPH,Wind Direction,Rain Inches,Snow Inches,Pressure,Cloud Percent,UTC Timestamp,Timezone Offset
1,Alaska,Anchorage,1,Tue 3/21,Clouds,overcast clouds,http://openweathermap.org/img/wn/04d@2x.png,21.15,32.86,84,8,N,0,0,1001,99,1679436000,-28800
2,Alaska,Anchorage,2,Wed 3/22,Snow,snow,http://openweathermap.org/img/wn/13d@2x.png,21.04,33.49,82,15,N,0,2.27,991,97,1679522400,-28800
3,Alaska,Anchorage,3,Thu 3/23,Snow,snow,http://openweathermap.org/img/wn/13d@2x.png,23.36,29.77,93,7,N,0,1.08,1004,100,1679608800,-28800
4,Alaska,Anchorage,4,Fri 3/24,Snow,light snow,http://openweathermap.org/img/wn/13d@2x.png,12.61,25.95,78,23,S,0,0.17,1019,89,1679695200,-28800
5,Alaska,Anchorage,5,Sat 3/25,Clouds,overcast clouds,http://openweathermap.org/img/wn/04d@2x.png,1.33,19.45,86,5,NW,0,0,1033,100,1679781600,-28800
6,Alaska,Fairbanks,1,Tue 3/21,Clouds,overcast clouds,http://openweathermap.org/img/wn/04d@2x.png,8.15,30.51,80,4,N,0,0,1003,100,1679432400,-28800
7,Alaska,Fairbanks,2,Wed 3/22,Clouds,scattered clouds,http://openweathermap.org/img/wn/03d@2x.png,2.34,33.62,79,5,N,0,0,997,25,1679518800,-28800
8,Alaska,Fairbanks,3,Thu 3/23,Clouds,overcast clouds,http://openweathermap.org/img/wn/04d@2x.png,16.54,27.34,87,6,SW,0,0,1004,100,1679605200,-28800
9,Alaska,Fairbanks,4,Fri 3/24,Snow,snow,http://openweathermap.org/img/wn/13d@2x.png,3.58,20.23,88,13,SW,0,2.54,1019,100,1679691600,-28800
10,Alaska,Fairbanks,5,Sat 3/25,Clouds,overcast clouds,http://openweathermap.org/img/wn/04d@2x.png,-15.3,21.43,79,4,E,0,0,1031,100,1679778000,-28800
11,Alaska,Juneau,1,Tue 3/21,Snow,light snow,http://openweathermap.org/img/wn/13d@2x.png,27.82,37.74,93,4,NE,0,1.21,1011,73,1679432400,-28800
12,Alaska,Juneau,2,Wed 3/22,Snow,light snow,http://openweathermap.org/img/wn/13d@2x.png,32.38,38.1,88,6,E,0,2.8,1005,99,1679518800,-28800
13,Alaska,Juneau,3,Thu 3/23,Snow,snow,http://openweathermap.org/img/wn/13d@2x.png,32.86,39.52,90,5,NE,0,3.33,1004,100,1679605200,-28800
14,Alaska,Juneau,4,Fri 3/24,Snow,snow,http://openweathermap.org/img/wn/13d@2x.png,28.85,36.39,90,3,S,0,7.59,1020,89,1679691600,-28800
15,Alaska,Juneau,5,Sat 3/25,Snow,snow,http://openweathermap.org/img/wn/13d@2x.png,23.67,34.68,69,6,N,0,8.6,1022,72,1679778000,-28800
16,Colorado,Denver/Boulder,1,Tue 3/21,Clouds,overcast clouds,http://openweathermap.org/img/wn/04d@2x.png,32.56,52.47,17,12,SW,0,0,1002,100,1679425200,-21600
17,Colorado,Denver/Boulder,2,Wed 3/22,Snow,rain and snow,http://openweathermap.org/img/wn/13d@2x.png,31.89,56.19,59,25,W,0.65,0.12,1001,97,1679511600,-21600
18,Colorado,Denver/Boulder,3,Thu 3/23,Snow,rain and snow,http://openweathermap.org/img/wn/13d@2x.png,36.86,50.4,23,24,SW,0.15,0.17,1006,21,1679598000,-21600
19,Colorado,Denver/Boulder,4,Fri 3/24,Snow,light snow,http://openweathermap.org/img/wn/13d@2x.png,30.25,48.97,21,14,W,0,0.21,1004,100,1679684400,-21600
20,Colorado,Denver/Boulder,5,Sat 3/25,Clear,sky is clear,http://openweathermap.org/img/wn/01d@2x.png,24.94,39.36,22,30,W,0,0,1008,0,1679770800,-21600
21,Colorado,Grand Junction,1,Tue 3/21,Rain,moderate rain,http://openweathermap.org/img/wn/10d@2x.png,30.22,42.4,63,11,E,2.82,0,1009,100,1679425200,-21600
22,Colorado,Grand Junction,2,Wed 3/22,Rain,moderate rain,http://openweathermap.org/img/wn/10d@2x.png,38.53,46.71,80,27,SW,7.72,0,1005,74,1679511600,-21600
23,Colorado,Grand Junction,3,Thu 3/23,Snow,rain and snow,http://openweathermap.org/img/wn/13d@2x.png,35.33,45.01,69,7,W,1.04,0.49,1016,100,1679598000,-21600
24,Colorado,Grand Junction,4,Fri 3/24,Snow,rain and snow,http://openweathermap.org/img/wn/13d@2x.png,30.96,44.56,57,23,W,1.53,1.44,1012,100,1679684400,-21600
25,Colorado,Grand Junction,5,Sat 3/25,Clouds,scattered clouds,http://openweathermap.org/img/wn/03d@2x.png,28.08,38.7,27,7,SE,0,0,1018,26,1679770800,-21600
26,Colorado,Pueblo,1,Tue 3/21,Clouds,overcast clouds,http://openweathermap.org/img/wn/04d@2x.png,40.48,60.08,21,14,E,0,0,1004,100,1679425200,-21600
27,Colorado,Pueblo,2,Wed 3/22,Clouds,few clouds,http://openweathermap.org/img/wn/02d@2x.png,42.8,64.49,30,34,SW,0,0,1000,16,1679511600,-21600
28,Colorado,Pueblo,3,Thu 3/23,Clear,sky is clear,http://openweathermap.org/img/wn/01d@2x.png,38.66,57.34,15,22,SW,0,0,1006,0,1679598000,-21600
29,Colorado,Pueblo,4,Fri 3/24,Rain,light rain,http://openweathermap.org/img/wn/10d@2x.png,37.17,53.58,26,19,SW,0.21,0,1005,63,1679684400,-21600
30,Colorado,Pueblo,5,Sat 3/25,Clear,sky is clear,http://openweathermap.org/img/wn/01d@2x.png,32.2,50.16,8,22,W,0,0,1008,3,1679770800,-21600
31,Illinois,Chicago,1,Tue 3/21,Clouds,overcast clouds,http://openweathermap.org/img/wn/04d@2x.png,34.45,51.73,52,15,S,0,0,1022,100,1679418000,-18000
32,Illinois,Chicago,2,Wed 3/22,Rain,light rain,http://openweathermap.org/img/wn/10d@2x.png,37.53,46.98,93,12,SE,1.57,0,1015,100,1679504400,-18000
33,Illinois,Chicago,3,Thu 3/23,Rain,moderate rain,http://openweathermap.org/img/wn/10d@2x.png,36.52,46.51,91,15,N,7.81,0,1012,100,1679590800,-18000
34,Illinois,Chicago,4,Fri 3/24,Clouds,overcast clouds,http://openweathermap.org/img/wn/04d@2x.png,35.89,41.43,83,13,N,0,0,1012,90,1679677200,-18000
35,Illinois,Chicago,5,Sat 3/25,Clouds,overcast clouds,http://openweathermap.org/img/wn/04d@2x.png,35.98,50.18,49,15,N,0,0,1005,99,1679763600,-18000
36,Illinois,Lincoln,1,Tue 3/21,Rain,moderate rain,http://openweathermap.org/img/wn/10d@2x.png,36.57,48.78,57,19,S,3.92,0,1021,100,1679421600,-18000
37,Illinois,Lincoln,2,Wed 3/22,Rain,moderate rain,http://openweathermap.org/img/wn/10d@2x.png,38.08,55.81,97,12,SE,2.91,0,1015,100,1679508000,-18000
38,Illinois,Lincoln,3,Thu 3/23,Rain,moderate rain,http://openweathermap.org/img/wn/10d@2x.png,45.54,66.69,85,19,S,12.39,0,1008,100,1679594400,-18000
39,Illinois,Lincoln,4,Fri 3/24,Rain,moderate rain,http://openweathermap.org/img/wn/10d@2x.png,39.94,45.63,80,13,NE,14.79,0,1009,90,1679680800,-18000
40,Illinois,Lincoln,5,Sat 3/25,Rain,moderate rain,http://openweathermap.org/img/wn/10d@2x.png,38.44,54.03,61,16,NW,4.97,0,1007,92,1679767200,-18000
41,Indiana,Indianapolis,1,Tue 3/21,Rain,light rain,http://openweathermap.org/img/wn/10d@2x.png,31.73,52.75,35,14,S,2.65,0,1025,100,1679418000,-14400
42,Indiana,Indianapolis,2,Wed 3/22,Rain,light rain,http://openweathermap.org/img/wn/10d@2x.png,40.14,51.66,95,11,SE,1.01,0,1019,100,1679504400,-14400
43,Indiana,Indianapolis,3,Thu 3/23,Rain,moderate rain,http://openweathermap.org/img/wn/10d@2x.png,52.34,63.61,93,18,SW,9.46,0,1011,100,1679590800,-14400
44,Indiana,Indianapolis,4,Fri 3/24,Rain,heavy intensity rain,http://openweathermap.org/img/wn/10d@2x.png,47.28,64.02,71,12,NE,73.48,0,1006,100,1679677200,-14400
45,Indiana,Indianapolis,5,Sat 3/25,Rain,heavy intensity rain,http://openweathermap.org/img/wn/10d@2x.png,38.82,48.54,85,20,W,25.62,0,1004,100,1679763600,-14400
46,Indiana,Northern Indiana,1,Tue 3/21,Rain,light rain,http://openweathermap.org/img/wn/10d@2x.png,32.88,50.77,45,15,S,0.85,0,1024,100,1679418000,-14400
47,Indiana,Northern Indiana,2,Wed 3/22,Rain,light rain,http://openweathermap.org/img/wn/10d@2x.png,39,48.29,90,15,S,1.99,0,1017,100,1679504400,-14400
48,Indiana,Northern Indiana,3,Thu 3/23,Rain,moderate rain,http://openweathermap.org/img/wn/10d@2x.png,42.28,54.28,96,10,N,14.71,0,1010,100,1679590800,-14400
49,Indiana,Northern Indiana,4,Fri 3/24,Rain,light rain,http://openweathermap.org/img/wn/10d@2x.png,37.06,41.45,80,15,E,1.48,0,1012,100,1679677200,-14400
50,Indiana,Northern Indiana,5,Sat 3/25,Snow,rain and snow,http://openweathermap.org/img/wn/13d@2x.png,31.08,38.71,99,19,W,17.98,23.87,1001,100,1679763600,-14400
51,Iowa,Davenport/Quad Cities,1,Tue 3/21,Clouds,overcast clouds,http://openweathermap.org/img/wn/04d@2x.png,37.67,51.28,54,15,SE,0,0,1018,100,1679421600,-18000
52,Iowa,Davenport/Quad Cities,2,Wed 3/22,Rain,light rain,http://openweathermap.org/img/wn/10d@2x.png,37.92,51.1,91,12,SE,0.81,0,1014,100,1679508000,-18000
53,Iowa,Davenport/Quad Cities,3,Thu 3/23,Rain,light rain,http://openweathermap.org/img/wn/10d@2x.png,37.26,46.62,86,16,N,2.45,0,1012,100,1679594400,-18000
54,Iowa,Davenport/Quad Cities,4,Fri 3/24,Rain,light rain,http://openweathermap.org/img/wn/10d@2x.png,32.81,49.98,62,12,NE,0.16,0,1011,71,1679680800,-18000
55,Iowa,Davenport/Quad Cities,5,Sat 3/25,Clouds,broken clouds,http://openweathermap.org/img/wn/04d@2x.png,32.58,50.95,54,12,N,0,0,1007,76,1679767200,-18000
56,Iowa,Des Moines,1,Tue 3/21,Clouds,overcast clouds,http://openweathermap.org/img/wn/04d@2x.png,40.26,45.23,76,14,SE,0,0,1015,89,1679421600,-18000
57,Iowa,Des Moines,2,Wed 3/22,Rain,light rain,http://openweathermap.org/img/wn/10d@2x.png,40.26,56.91,58,12,N,0.16,0,1013,89,1679508000,-18000
58,Iowa,Des Moines,3,Thu 3/23,Rain,light rain,http://openweathermap.org/img/wn/10d@2x.png,35.44,45.07,81,16,N,0.32,0,1014,100,1679594400,-18000
59,Iowa,Des Moines,4,Fri 3/24,Clouds,few clouds,http://openweathermap.org/img/wn/02d@2x.png,30.9,51.98,62,9,NE,0,0,1011,14,1679680800,-18000
60,Iowa,Des Moines,5,Sat 3/25,Rain,light rain,http://openweathermap.org/img/wn/10d@2x.png,33.98,51.19,56,7,NE,2.87,0,1009,72,1679767200,-18000
61,Kansas,Dodge City,1,Tue 3/21,Clouds,scattered clouds,http://openweathermap.org/img/wn/03d@2x.png,44.29,69.1,30,25,SE,0,0,1004,48,1679421600,-18000
62,Kansas,Dodge City,2,Wed 3/22,Clouds,overcast clouds,http://openweathermap.org/img/wn/04d@2x.png,41.88,77.23,35,29,SW,0,0,1007,96,1679508000,-18000
63,Kansas,Dodge City,3,Thu 3/23,Clouds,overcast clouds,http://openweathermap.org/img/wn/04d@2x.png,51.66,70.66,26,26,SW,0,0,1008,100,1679594400,-18000
64,Kansas,Dodge City,4,Fri 3/24,Rain,light rain,http://openweathermap.org/img/wn/10d@2x.png,39.49,55.78,55,16,NE,1.76,0,1006,83,1679680800,-18000
65,Kansas,Dodge City,5,Sat 3/25,Rain,light rain,http://openweathermap.org/img/wn/10d@2x.png,34.56,56.66,14,26,NW,0.29,0,1012,31,1679767200,-18000
66,Kansas,Goodland,1,Tue 3/21,Clouds,broken clouds,http://openweathermap.org/img/wn/04d@2x.png,28.76,54.91,44,15,NW,0,0,1006,74,1679421600,-21600
67,Kansas,Goodland,2,Wed 3/22,Clouds,few clouds,http://openweathermap.org/img/wn/02d@2x.png,36.86,73.62,50,29,SW,0,0,1005,18,1679508000,-21600
68,Kansas,Goodland,3,Thu 3/23,Clouds,broken clouds,http://openweathermap.org/img/wn/04d@2x.png,40.41,60.31,25,16,NE,0,0,1008,68,1679594400,-21600
69,Kansas,Goodland,4,Fri 3/24,Rain,light rain,http://openweathermap.org/img/wn/10d@2x.png,37.81,55.65,32,11,N,1.5,0,1006,100,1679680800,-21600
70,Kansas,Goodland,5,Sat 3/25,Snow,snow,http://openweathermap.org/img/wn/13d@2x.png,30.88,47.7,19,25,W,0,4.07,1010,3,1679767200,-21600
71,Kansas,Topeka,1,Tue 3/21,Rain,light rain,http://openweathermap.org/img/wn/10d@2x.png,42.71,49.55,90,19,SE,1.48,0,1012,100,1679421600,-18000
72,Kansas,Topeka,2,Wed 3/22,Rain,light rain,http://openweathermap.org/img/wn/10d@2x.png,50.83,60.4,94,13,SE,0.4,0,1011,100,1679508000,-18000
73,Kansas,Topeka,3,Thu 3/23,Rain,light rain,http://openweathermap.org/img/wn/10d@2x.png,49.12,66.06,63,24,S,0.18,0,1010,100,1679594400,-18000
74,Kansas,Topeka,4,Fri 3/24,Rain,light rain,http://openweathermap.org/img/wn/10d@2x.png,39.54,58.82,63,13,NE,2.12,0,1007,47,1679680800,-18000
75,Kansas,Topeka,5,Sat 3/25,Clouds,broken clouds,http://openweathermap.org/img/wn/04d@2x.png,41.05,57.79,42,17,SW,0,0,1009,60,1679767200,-18000
76,Kansas,Wichita,1,Tue 3/21,Rain,light rain,http://openweathermap.org/img/wn/10d@2x.png,42.64,71.83,52,19,SE,0.97,0,1007,95,1679421600,-18000
77,Kansas,Wichita,2,Wed 3/22,Clouds,overcast clouds,http://openweathermap.org/img/wn/04d@2x.png,49.12,80.94,42,21,S,0,0,1009,98,1679508000,-18000
78,Kansas,Wichita,3,Thu 3/23,Rain,light rain,http://openweathermap.org/img/wn/10d@2x.png,58.03,74.62,32,19,S,0.5,0,1008,99,1679594400,-18000
79,Kansas,Wichita,4,Fri 3/24,Rain,light rain,http://openweathermap.org/img/wn/10d@2x.png,45.97,60.03,60,11,N,3.12,0,1005,40,1679680800,-18000
80,Kansas,Wichita,5,Sat 3/25,Clouds,scattered clouds,http://openweathermap.org/img/wn/03d@2x.png,43.32,59.45,20,15,NW,0,0,1012,47,1679767200,-18000
81,Kentucky,Jackson,1,Tue 3/21,Clouds,overcast clouds,http://openweathermap.org/img/wn/04d@2x.png,30.96,58.59,31,7,S,0,0,1029,96,1679418000,-14400
82,Kentucky,Jackson,2,Wed 3/22,Rain,moderate rain,http://openweathermap.org/img/wn/10d@2x.png,43.03,51.87,83,11,S,7.11,0,1025,100,1679504400,-14400
83,Kentucky,Jackson,3,Thu 3/23,Clouds,overcast clouds,http://openweathermap.org/img/wn/04d@2x.png,50.97,74.28,60,14,SW,0,0,1017,100,1679590800,-14400
84,Kentucky,Jackson,4,Fri 3/24,Rain,light rain,http://openweathermap.org/img/wn/10d@2x.png,61.34,68.95,88,15,SW,5.6,0,1009,99,1679677200,-14400
85,Kentucky,Jackson,5,Sat 3/25,Rain,moderate rain,http://openweathermap.org/img/wn/10d@2x.png,49.69,65.64,66,21,SW,7.75,0,1003,11,1679763600,-14400
86,Kentucky,Louisville,1,Tue 3/21,Rain,moderate rain,http://openweathermap.org/img/wn/10d@2x.png,30.22,54.86,40,13,S,2.8,0,1027,100,1679418000,-14400
87,Kentucky,Louisville,2,Wed 3/22,Rain,light rain,http://openweathermap.org/img/wn/10d@2x.png,43.52,52.66,92,13,S,3.01,0,1022,100,1679504400,-14400
88,Kentucky,Louisville,3,Thu 3/23,Rain,light rain,http://openweathermap.org/img/wn/10d@2x.png,53.74,71.15,72,17,S,0.4,0,1015,100,1679590800,-14400
89,Kentucky,Louisville,4,Fri 3/24,Rain,heavy intensity rain,http://openweathermap.org/img/wn/10d@2x.png,57.34,66.9,92,16,S,74.78,0,1007,100,1679677200,-14400
90,Kentucky,Louisville,5,Sat 3/25,Rain,heavy intensity rain,http://openweathermap.org/img/wn/10d@2x.png,48.78,58.8,79,24,S,32.42,0,1006,88,1679763600,-14400
91,Kentucky,Paducah,1,Tue 3/21,Rain,moderate rain,http://openweathermap.org/img/wn/10d@2x.png,35.4,43.74,80,14,SE,15.51,0,1025,100,1679421600,-18000
92,Kentucky,Paducah,2,Wed 3/22,Rain,moderate rain,http://openweathermap.org/img/wn/10d@2x.png,43.52,63.63,93,16,S,8.96,0,1018,100,1679508000,-18000
93,Kentucky,Paducah,3,Thu 3/23,Rain,light rain,http://openweathermap.org/img/wn/10d@2x.png,63.05,71.53,88,20,S,0.44,0,1015,100,1679594400,-18000
94,Kentucky,Paducah,4,Fri 3/24,Rain,heavy intensity rain,http://openweathermap.org/img/wn/10d@2x.png,60.22,67.3,95,18,S,101.82,0,1004,100,1679680800,-18000
95,Kentucky,Paducah,5,Sat 3/25,Rain,light rain,http://openweathermap.org/img/wn/10d@2x.png,49.44,59.79,77,17,SW,3.38,0,1009,96,1679767200,-18000
96,Michigan,Detroit/Pontiac,1,Tue 3/21,Snow,snow,http://openweathermap.org/img/wn/13d@2x.png,33.12,49.82,49,11,S,0,0.86,1025,95,1679418000,-14400
97,Michigan,Detroit/Pontiac,2,Wed 3/22,Rain,light rain,http://openweathermap.org/img/wn/10d@2x.png,38.82,45.52,94,12,S,0.89,0,1019,100,1679504400,-14400
98,Michigan,Detroit/Pontiac,3,Thu 3/23,Rain,moderate rain,http://openweathermap.org/img/wn/10d@2x.png,37.4,45.97,90,12,NW,12.61,0,1011,100,1679590800,-14400
99,Michigan,Detroit/Pontiac,4,Fri 3/24,Rain,light rain,http://openweathermap.org/img/wn/10d@2x.png,31.53,40.06,61,10,NE,1.15,0,1013,96,1679677200,-14400
100,Michigan,Detroit/Pontiac,5,Sat 3/25,Snow,rain and snow,http://openweathermap.org/img/wn/13d@2x.png,28.35,35.46,99,21,NW,17.16,15.05,992,100,1679763600,-14400
101,Michigan,Gaylord,1,Tue 3/21,Snow,snow,http://openweathermap.org/img/wn/13d@2x.png,18.86,33.44,77,12,E,0,1.66,1026,99,1679418000,-14400
102,Michigan,Gaylord,2,Wed 3/22,Rain,light rain,http://openweathermap.org/img/wn/10d@2x.png,28.45,36.46,98,13,S,0.67,0,1015,100,1679504400,-14400
103,Michigan,Gaylord,3,Thu 3/23,Clouds,broken clouds,http://openweathermap.org/img/wn/04d@2x.png,25.88,36.52,69,12,W,0,0,1014,74,1679590800,-14400
104,Michigan,Gaylord,4,Fri 3/24,Clouds,broken clouds,http://openweathermap.org/img/wn/04d@2x.png,24.15,37.92,50,10,E,0,0,1016,59,1679677200,-14400
105,Michigan,Gaylord,5,Sat 3/25,Clouds,overcast clouds,http://openweathermap.org/img/wn/04d@2x.png,27.66,36.82,69,14,NE,0,0,1002,100,1679763600,-14400
106,Michigan,Grand Rapids,1,Tue 3/21,Clouds,overcast clouds,http://openweathermap.org/img/wn/04d@2x.png,34.02,49.32,58,11,S,0,0,1023,100,1679418000,-14400
107,Michigan,Grand Rapids,2,Wed 3/22,Rain,light rain,http://openweathermap.org/img/wn/10d@2x.png,37.72,46.51,91,14,S,1.68,0,1017,100,1679504400,-14400
108,Michigan,Grand Rapids,3,Thu 3/23,Rain,moderate rain,http://openweathermap.org/img/wn/10d@2x.png,36.91,43.81,88,14,N,5.26,0,1013,100,1679590800,-14400
109,Michigan,Grand Rapids,4,Fri 3/24,Clouds,broken clouds,http://openweathermap.org/img/wn/04d@2x.png,31.93,42.55,63,13,NE,0,0,1014,70,1679677200,-14400
110,Michigan,Grand Rapids,5,Sat 3/25,Snow,rain and snow,http://openweathermap.org/img/wn/13d@2x.png,29.97,43.88,93,16,N,1.8,4.38,1000,100,1679763600,-14400
111,Michigan,Marquette,1,Tue 3/21,Snow,light snow,http://openweathermap.org/img/wn/13d@2x.png,4.12,26.2,82,10,NE,0,0.6,1027,100,1679418000,-14400
112,Michigan,Marquette,2,Wed 3/22,Snow,rain and snow,http://openweathermap.org/img/wn/13d@2x.png,24.12,34.63,99,12,S,0.7,2.95,1010,100,1679504400,-14400
113,Michigan,Marquette,3,Thu 3/23,Clouds,overcast clouds,http://openweathermap.org/img/wn/04d@2x.png,13.8,30.13,83,12,W,0,0,1016,100,1679590800,-14400
114,Michigan,Marquette,4,Fri 3/24,Clouds,overcast clouds,http://openweathermap.org/img/wn/04d@2x.png,15.78,28.85,84,7,NE,0,0,1018,95,1679677200,-14400
115,Michigan,Marquette,5,Sat 3/25,Clouds,overcast clouds,http://openweathermap.org/img/wn/04d@2x.png,15.06,31.8,87,9,N,0,0,1007,96,1679763600,-14400
116,Minnesota,Duluth,1,Tue 3/21,Snow,snow,http://openweathermap.org/img/wn/13d@2x.png,10.45,27.36,87,17,NE,0,2.78,1023,100,1679421600,-18000
117,Minnesota,Duluth,2,Wed 3/22,Snow,rain and snow,http://openweathermap.org/img/wn/13d@2x.png,21,32.97,98,14,W,0.12,9.5,1009,100,1679508000,-18000
118,Minnesota,Duluth,3,Thu 3/23,Clouds,overcast clouds,http://openweathermap.org/img/wn/04d@2x.png,10.81,29.98,87,7,W,0,0,1019,97,1679594400,-18000
119,Minnesota,Duluth,4,Fri 3/24,Clouds,overcast clouds,http://openweathermap.org/img/wn/04d@2x.png,10.29,27.77,94,7,E,0,0,1017,90,1679680800,-18000
120,Minnesota,Duluth,5,Sat 3/25,Snow,light snow,http://openweathermap.org/img/wn/13d@2x.png,23.52,33.21,99,5,NE,0,0.16,1010,100,1679767200,-18000
121,Minnesota,Chanhassen/Twin Cities,1,Tue 3/21,Snow,light snow,http://openweathermap.org/img/wn/13d@2x.png,23.31,37.38,95,13,SE,0,0.2,1017,100,1679421600,-18000
122,Minnesota,Chanhassen/Twin Cities,2,Wed 3/22,Rain,moderate rain,http://openweathermap.org/img/wn/10d@2x.png,28.94,37.6,75,14,W,2.24,0,1014,97,1679508000,-18000
123,Minnesota,Chanhassen/Twin Cities,3,Thu 3/23,Snow,light snow,http://openweathermap.org/img/wn/13d@2x.png,27.97,37.02,60,9,N,0,0.88,1018,100,1679594400,-18000
124,Minnesota,Chanhassen/Twin Cities,4,Fri 3/24,Clouds,broken clouds,http://openweathermap.org/img/wn/04d@2x.png,28.67,42.03,62,5,SE,0,0,1013,75,1679680800,-18000
125,Minnesota,Chanhassen/Twin Cities,5,Sat 3/25,Clouds,overcast clouds,http://openweathermap.org/img/wn/04d@2x.png,34.2,45,61,8,N,0,0,1009,100,1679767200,-18000
126,Missouri,Kansas City/Pleasant Hill,1,Tue 3/21,Rain,moderate rain,http://openweathermap.org/img/wn/10d@2x.png,39.61,45.7,94,15,SE,8.48,0,1015,100,1679421600,-18000
127,Missouri,Kansas City/Pleasant Hill,2,Wed 3/22,Rain,light rain,http://openweathermap.org/img/wn/10d@2x.png,45.63,73.72,64,15,SW,0.71,0,1010,97,1679508000,-18000
128,Missouri,Kansas City/Pleasant Hill,3,Thu 3/23,Rain,moderate rain,http://openweathermap.org/img/wn/10d@2x.png,50.88,69.22,76,23,S,7.11,0,1008,100,1679594400,-18000
129,Missouri,Kansas City/Pleasant Hill,4,Fri 3/24,Rain,light rain,http://openweathermap.org/img/wn/10d@2x.png,42.87,56.68,78,12,NE,3.96,0,1007,88,1679680800,-18000
130,Missouri,Kansas City/Pleasant Hill,5,Sat 3/25,Clouds,few clouds,http://openweathermap.org/img/wn/02d@2x.png,38.66,55.47,58,10,W,0,0,1009,12,1679767200,-18000
131,Missouri,Springfield,1,Tue 3/21,Rain,moderate rain,http://openweathermap.org/img/wn/10d@2x.png,38.26,42.49,95,17,SE,10.04,0,1017,100,1679421600,-18000
132,Missouri,Springfield,2,Wed 3/22,Rain,light rain,http://openweathermap.org/img/wn/10d@2x.png,43.95,69.03,78,19,S,1.12,0,1013,99,1679508000,-18000
133,Missouri,Springfield,3,Thu 3/23,Rain,heavy intensity rain,http://openweathermap.org/img/wn/10d@2x.png,62.83,66.69,86,20,S,30.15,0,1011,100,1679594400,-18000
134,Missouri,Springfield,4,Fri 3/24,Rain,moderate rain,http://openweathermap.org/img/wn/10d@2x.png,50.27,63.34,88,14,S,9.6,0,1004,100,1679680800,-18000
135,Missouri,Springfield,5,Sat 3/25,Rain,light rain,http://openweathermap.org/img/wn/10d@2x.png,45.66,59.27,58,10,NW,1.66,0,1010,15,1679767200,-18000
136,Missouri,St. Louis,1,Tue 3/21,Rain,moderate rain,http://openweathermap.org/img/wn/10d@2x.png,39.16,44.55,87,14,SE,7.07,0,1021,100,1679421600,-18000
137,Missouri,St. Louis,2,Wed 3/22,Rain,light rain,http://openweathermap.org/img/wn/10d@2x.png,40.6,62.71,93,13,S,0.9,0,1014,100,1679508000,-18000
138,Missouri,St. Louis,3,Thu 3/23,Rain,very heavy rain,http://openweathermap.org/img/wn/10d@2x.png,57,69.64,79,16,S,58.87,0,1010,100,1679594400,-18000
139,Missouri,St. Louis,4,Fri 3/24,Rain,heavy intensity rain,http://openweathermap.org/img/wn/10d@2x.png,47.1,54.21,81,12,NW,55.26,0,1008,92,1679680800,-18000
140,Missouri,St. Louis,5,Sat 3/25,Rain,moderate rain,http://openweathermap.org/img/wn/10d@2x.png,41.32,57.97,62,12,NW,13.46,0,1008,83,1679767200,-18000
141,Nebraska,Hastings,1,Tue 3/21,Rain,light rain,http://openweathermap.org/img/wn/10d@2x.png,34.29,48.29,73,17,SE,0.27,0,1009,87,1679421600,-18000
142,Nebraska,Hastings,2,Wed 3/22,Rain,light rain,http://openweathermap.org/img/wn/10d@2x.png,34.54,57.94,40,15,NE,0.26,0,1012,7,1679508000,-18000
143,Nebraska,Hastings,3,Thu 3/23,Clouds,overcast clouds,http://openweathermap.org/img/wn/04d@2x.png,37.09,56.43,57,14,NE,0,0,1012,99,1679594400,-18000
144,Nebraska,Hastings,4,Fri 3/24,Clouds,scattered clouds,http://openweathermap.org/img/wn/03d@2x.png,35.65,57.58,53,10,E,0,0,1008,32,1679680800,-18000
145,Nebraska,Hastings,5,Sat 3/25,Rain,light rain,http://openweathermap.org/img/wn/10d@2x.png,40.06,53.98,24,24,SW,0.99,0,1007,50,1679767200,-18000
146,Nebraska,North Platte,1,Tue 3/21,Clouds,overcast clouds,http://openweathermap.org/img/wn/04d@2x.png,30.69,54.68,67,13,NE,0,0,1008,100,1679421600,-18000
147,Nebraska,North Platte,2,Wed 3/22,Rain,light rain,http://openweathermap.org/img/wn/10d@2x.png,31.51,54.88,45,20,E,0.26,0,1010,39,1679508000,-18000
148,Nebraska,North Platte,3,Thu 3/23,Clouds,few clouds,http://openweathermap.org/img/wn/02d@2x.png,31.64,58.66,49,17,NE,0,0,1010,14,1679594400,-18000
149,Nebraska,North Platte,4,Fri 3/24,Clouds,broken clouds,http://openweathermap.org/img/wn/04d@2x.png,35.11,55.76,43,7,N,0,0,1007,62,1679680800,-18000
150,Nebraska,North Platte,5,Sat 3/25,Snow,rain and snow,http://openweathermap.org/img/wn/13d@2x.png,33.42,43.75,50,30,SW,0.23,0.84,1004,24,1679767200,-18000
151,Nebraska,Omaha/Valley,1,Tue 3/21,Clouds,broken clouds,http://openweathermap.org/img/wn/04d@2x.png,40.17,49.19,70,15,SE,0,0,1011,78,1679421600,-18000
152,Nebraska,Omaha/Valley,2,Wed 3/22,Rain,light rain,http://openweathermap.org/img/wn/10d@2x.png,37.35,54.57,44,14,N,0.15,0,1013,17,1679508000,-18000
153,Nebraska,Omaha/Valley,3,Thu 3/23,Clouds,overcast clouds,http://openweathermap.org/img/wn/04d@2x.png,37.36,46.42,71,15,N,0,0,1014,100,1679594400,-18000
154,Nebraska,Omaha/Valley,4,Fri 3/24,Clouds,scattered clouds,http://openweathermap.org/img/wn/03d@2x.png,36.9,55.44,56,8,NE,0,0,1010,43,1679680800,-18000
155,Nebraska,Omaha/Valley,5,Sat 3/25,Clouds,overcast clouds,http://openweathermap.org/img/wn/04d@2x.png,40.03,55.92,45,18,SW,0,0,1007,98,1679767200,-18000
156,North Dakota,Bismarck,1,Tue 3/21,Snow,snow,http://openweathermap.org/img/wn/13d@2x.png,9.73,27.77,90,11,NE,0,6.87,1015,100,1679421600,-18000
157,North Dakota,Bismarck,2,Wed 3/22,Clouds,overcast clouds,http://openweathermap.org/img/wn/04d@2x.png,3.72,28.27,86,8,NW,0,0,1017,97,1679508000,-18000
158,North Dakota,Bismarck,3,Thu 3/23,Clouds,overcast clouds,http://openweathermap.org/img/wn/04d@2x.png,-2.34,27.75,88,7,E,0,0,1019,100,1679594400,-18000
159,North Dakota,Bismarck,4,Fri 3/24,Rain,light rain,http://openweathermap.org/img/wn/10d@2x.png,12.51,33.67,99,11,S,0.1,0,1010,55,1679680800,-18000
160,North Dakota,Bismarck,5,Sat 3/25,Snow,light snow,http://openweathermap.org/img/wn/13d@2x.png,17.91,31.48,95,12,N,0,0.4,1013,100,1679767200,-18000
161,North Dakota,Grand Forks,1,Tue 3/21,Snow,snow,http://openweathermap.org/img/wn/13d@2x.png,-0.15,30.51,86,12,NE,0,6.53,1019,100,1679421600,-18000
162,North Dakota,Grand Forks,2,Wed 3/22,Snow,snow,http://openweathermap.org/img/wn/13d@2x.png,12.22,29.57,87,12,W,0,2.01,1015,94,1679508000,-18000
163,North Dakota,Grand Forks,3,Thu 3/23,Clouds,overcast clouds,http://openweathermap.org/img/wn/04d@2x.png,-0.69,27.36,88,5,SW,0,0,1021,100,1679594400,-18000
164,North Dakota,Grand Forks,4,Fri 3/24,Clouds,overcast clouds,http://openweathermap.org/img/wn/04d@2x.png,1.51,31.33,92,12,SE,0,0,1013,99,1679680800,-18000
165,North Dakota,Grand Forks,5,Sat 3/25,Clouds,overcast clouds,http://openweathermap.org/img/wn/04d@2x.png,14,31.28,92,14,NW,0,0,1012,99,1679767200,-18000
166,South Dakota,Aberdeen,1,Tue 3/21,Snow,snow,http://openweathermap.org/img/wn/13d@2x.png,10.38,30.24,93,13,NE,0,8.53,1014,100,1679421600,-18000
167,South Dakota,Aberdeen,2,Wed 3/22,Clouds,scattered clouds,http://openweathermap.org/img/wn/03d@2x.png,13.17,28.18,87,11,W,0,0,1017,30,1679508000,-18000
168,South Dakota,Aberdeen,3,Thu 3/23,Snow,light snow,http://openweathermap.org/img/wn/13d@2x.png,13.59,29.86,89,8,N,0,1.07,1019,100,1679594400,-18000
169,South Dakota,Aberdeen,4,Fri 3/24,Snow,light snow,http://openweathermap.org/img/wn/13d@2x.png,12.45,32.58,99,6,S,0,0.26,1012,78,1679680800,-18000
170,South Dakota,Aberdeen,5,Sat 3/25,Snow,light snow,http://openweathermap.org/img/wn/13d@2x.png,28.45,32.63,100,15,N,0,0.3,1010,100,1679767200,-18000
171,South Dakota,Rapid City,1,Tue 3/21,Snow,snow,http://openweathermap.org/img/wn/13d@2x.png,24.21,40.06,70,17,NW,0,3.32,1005,74,1679425200,-21600
172,South Dakota,Rapid City,2,Wed 3/22,Snow,snow,http://openweathermap.org/img/wn/13d@2x.png,25.34,35.22,72,11,E,0,3.91,1014,100,1679508000,-21600
173,South Dakota,Rapid City,3,Thu 3/23,Snow,snow,http://openweathermap.org/img/wn/13d@2x.png,24.17,30.45,91,9,E,0,5.21,1015,100,1679594400,-21600
174,South Dakota,Rapid City,4,Fri 3/24,Rain,light rain,http://openweathermap.org/img/wn/10d@2x.png,23.13,47.34,77,9,NW,2.78,0,1006,10,1679680800,-21600
175,South Dakota,Rapid City,5,Sat 3/25,Snow,rain and snow,http://openweathermap.org/img/wn/13d@2x.png,25.09,34.45,95,20,NW,1.49,18.36,1012,100,1679767200,-21600
176,South Dakota,Sioux Falls,1,Tue 3/21,Rain,light rain,http://openweathermap.org/img/wn/10d@2x.png,24.6,39.56,99,13,SE,0.22,0,1011,99,1679421600,-18000
177,South Dakota,Sioux Falls,2,Wed 3/22,Snow,snow,http://openweathermap.org/img/wn/13d@2x.png,24.15,35.89,76,14,W,0,2.23,1016,65,1679508000,-18000
178,South Dakota,Sioux Falls,3,Thu 3/23,Snow,snow,http://openweathermap.org/img/wn/13d@2x.png,24.96,32.09,97,11,NE,0,12.13,1017,96,1679594400,-18000
179,South Dakota,Sioux Falls,4,Fri 3/24,Snow,light snow,http://openweathermap.org/img/wn/13d@2x.png,28.85,36.46,100,7,NE,0,0.35,1012,97,1679680800,-18000
180,South Dakota,Sioux Falls,5,Sat 3/25,Snow,snow,http://openweathermap.org/img/wn/13d@2x.png,27.61,39.63,91,14,NE,0,5.74,1007,83,1679767200,-18000
181,Wisconsin,Green Bay,1,Tue 3/21,Snow,snow,http://openweathermap.org/img/wn/13d@2x.png,25.23,33.3,89,14,N,0,1.54,1024,100,1679418000,-18000
182,Wisconsin,Green Bay,2,Wed 3/22,Rain,light rain,http://openweathermap.org/img/wn/10d@2x.png,31.48,44.19,94,14,SW,0.97,0,1012,100,1679504400,-18000
183,Wisconsin,Green Bay,3,Thu 3/23,Snow,light snow,http://openweathermap.org/img/wn/13d@2x.png,28.92,38.3,76,9,N,0,0.72,1016,85,1679590800,-18000
184,Wisconsin,Green Bay,4,Fri 3/24,Clouds,broken clouds,http://openweathermap.org/img/wn/04d@2x.png,25.21,37.49,62,11,N,0,0,1016,63,1679677200,-18000
185,Wisconsin,Green Bay,5,Sat 3/25,Clouds,overcast clouds,http://openweathermap.org/img/wn/04d@2x.png,28.29,42.71,52,15,N,0,0,1006,98,1679763600,-18000
186,Wisconsin,La Crosse,1,Tue 3/21,Clouds,overcast clouds,http://openweathermap.org/img/wn/04d@2x.png,30.09,51.26,67,12,SE,0,0,1017,93,1679421600,-18000
187,Wisconsin,La Crosse,2,Wed 3/22,Clouds,overcast clouds,http://openweathermap.org/img/wn/04d@2x.png,35.6,50.97,67,13,SW,0,0,1012,100,1679508000,-18000
188,Wisconsin,La Crosse,3,Thu 3/23,Snow,snow,http://openweathermap.org/img/wn/13d@2x.png,31.14,40.66,91,9,N,0,4.9,1017,100,1679594400,-18000
189,Wisconsin,La Crosse,4,Fri 3/24,Clouds,scattered clouds,http://openweathermap.org/img/wn/03d@2x.png,28.67,44.55,62,9,E,0,0,1014,38,1679680800,-18000
190,Wisconsin,La Crosse,5,Sat 3/25,Clouds,scattered clouds,http://openweathermap.org/img/wn/03d@2x.png,27.81,47.12,50,8,N,0,0,1008,26,1679767200,-18000
191,Wisconsin,Milwaukee/Sullivan,1,Tue 3/21,Clouds,overcast clouds,http://openweathermap.org/img/wn/04d@2x.png,30.56,50.9,65,12,S,0,0,1021,100,1679421600,-18000
192,Wisconsin,Milwaukee/Sullivan,2,Wed 3/22,Clouds,overcast clouds,http://openweathermap.org/img/wn/04d@2x.png,36.64,46.92,93,12,SW,0,0,1014,100,1679508000,-18000
193,Wisconsin,Milwaukee/Sullivan,3,Thu 3/23,Rain,light rain,http://openweathermap.org/img/wn/10d@2x.png,30.25,39.16,87,12,NW,1.86,0,1015,100,1679594400,-18000
194,Wisconsin,Milwaukee/Sullivan,4,Fri 3/24,Clouds,scattered clouds,http://openweathermap.org/img/wn/03d@2x.png,29.48,41.31,59,13,NE,0,0,1014,27,1679680800,-18000
195,Wisconsin,Milwaukee/Sullivan,5,Sat 3/25,Clouds,overcast clouds,http://openweathermap.org/img/wn/04d@2x.png,30.38,45.48,51,14,NW,0,0,1005,97,1679763600,-18000
196,Wyoming,Cheyenne,1,Tue 3/21,Snow,light snow,http://openweathermap.org/img/wn/13d@2x.png,29.77,47.03,18,25,SW,0,0.11,1003,77,1679425200,-21600
197,Wyoming,Cheyenne,2,Wed 3/22,Snow,rain and snow,http://openweathermap.org/img/wn/13d@2x.png,28.87,49.42,56,33,SW,1,0.12,1002,100,1679511600,-21600
198,Wyoming,Cheyenne,3,Thu 3/23,Clouds,overcast clouds,http://openweathermap.org/img/wn/04d@2x.png,32.31,45.75,26,26,SW,0,0,1006,96,1679598000,-21600
199,Wyoming,Cheyenne,4,Fri 3/24,Snow,light snow,http://openweathermap.org/img/wn/13d@2x.png,23.74,44.38,26,29,W,0,0.34,1005,82,1679684400,-21600
200,Wyoming,Cheyenne,5,Sat 3/25,Clouds,few clouds,http://openweathermap.org/img/wn/02d@2x.png,20.86,33.58,19,42,W,0,0,1010,16,1679770800,-21600
201,Wyoming,Riverton,1,Tue 3/21,Clear,sky is clear,http://openweathermap.org/img/wn/01d@2x.png,22.75,34.34,61,11,S,0,0,1009,4,1679425200,-21600
202,Wyoming,Riverton,2,Wed 3/22,Snow,snow,http://openweathermap.org/img/wn/13d@2x.png,25,31.82,84,15,NW,0,12.4,1007,100,1679511600,-21600
203,Wyoming,Riverton,3,Thu 3/23,Clouds,overcast clouds,http://openweathermap.org/img/wn/04d@2x.png,23.04,34.88,97,6,SE,0,0,1011,98,1679598000,-21600
204,Wyoming,Riverton,4,Fri 3/24,Snow,light snow,http://openweathermap.org/img/wn/13d@2x.png,22.57,35.31,72,21,SW,0,0.32,1007,93,1679684400,-21600
205,Wyoming,Riverton,5,Sat 3/25,Clouds,overcast clouds,http://openweathermap.org/img/wn/04d@2x.png,23.5,29.97,33,20,W,0,0,1016,85,1679770800,-21600
206,Maine,Caribou,1,Tue 3/21,Snow,snow,http://openweathermap.org/img/wn/13d@2x.png,17.89,34.32,88,11,NW,0,2.64,1022,98,1679414400,-14400
207,Maine,Caribou,2,Wed 3/22,Clouds,scattered clouds,http://openweathermap.org/img/wn/03d@2x.png,12.42,29.93,66,10,W,0,0,1032,28,1679500800,-14400
208,Maine,Caribou,3,Thu 3/23,Snow,snow,http://openweathermap.org/img/wn/13d@2x.png,19.96,32.16,97,13,SE,0,13.6,1014,100,1679587200,-14400
209,Maine,Caribou,4,Fri 3/24,Clouds,overcast clouds,http://openweathermap.org/img/wn/04d@2x.png,22.37,33.98,94,11,NW,0,0,1008,88,1679673600,-14400
210,Maine,Caribou,5,Sat 3/25,Snow,light snow,http://openweathermap.org/img/wn/13d@2x.png,17.83,34.18,86,13,E,0,0.45,1021,66,1679760000,-14400
211,Maine,Gray/Portland,1,Tue 3/21,Clouds,broken clouds,http://openweathermap.org/img/wn/04d@2x.png,26.91,48.31,58,11,SW,0,0,1024,77,1679414400,-14400
212,Maine,Gray/Portland,2,Wed 3/22,Clouds,overcast clouds,http://openweathermap.org/img/wn/04d@2x.png,29.48,42.55,62,8,SE,0,0,1031,92,1679500800,-14400
213,Maine,Gray/Portland,3,Thu 3/23,Rain,moderate rain,http://openweathermap.org/img/wn/10d@2x.png,34.25,42.94,95,4,W,3.37,0,1011,100,1679587200,-14400
214,Maine,Gray/Portland,4,Fri 3/24,Clouds,overcast clouds,http://openweathermap.org/img/wn/04d@2x.png,31.5,45.81,67,7,NW,0,0,1011,100,1679673600,-14400
215,Maine,Gray/Portland,5,Sat 3/25,Snow,rain and snow,http://openweathermap.org/img/wn/13d@2x.png,30.04,39.24,64,12,NE,5.38,15.6,1019,100,1679760000,-14400
216,Massachusetts,Boston,1,Tue 3/21,Clear,sky is clear,http://openweathermap.org/img/wn/01d@2x.png,32.05,57.52,38,11,SW,0,0,1026,8,1679414400,-14400
217,Massachusetts,Boston,2,Wed 3/22,Clouds,overcast clouds,http://openweathermap.org/img/wn/04d@2x.png,37.54,56.07,54,10,S,0,0,1030,100,1679500800,-14400
218,Massachusetts,Boston,3,Thu 3/23,Rain,light rain,http://openweathermap.org/img/wn/10d@2x.png,42.84,55.54,85,13,S,1.1,0,1014,100,1679587200,-14400
219,Massachusetts,Boston,4,Fri 3/24,Rain,light rain,http://openweathermap.org/img/wn/10d@2x.png,42.24,52.9,58,9,W,0.15,0,1010,100,1679673600,-14400
220,Massachusetts,Boston,5,Sat 3/25,Rain,light rain,http://openweathermap.org/img/wn/10d@2x.png,36.82,46.62,87,15,E,9.65,0,1016,100,1679760000,-14400
221,New Jersey,Mount Holly/Philadelphia,1,Tue 3/21,Clear,sky is clear,http://openweathermap.org/img/wn/01d@2x.png,33.75,59.68,22,11,SW,0,0,1029,0,1679418000,-14400
222,New Jersey,Mount Holly/Philadelphia,2,Wed 3/22,Clouds,overcast clouds,http://openweathermap.org/img/wn/04d@2x.png,41.2,60.46,35,13,S,0,0,1028,100,1679504400,-14400
223,New Jersey,Mount Holly/Philadelphia,3,Thu 3/23,Rain,light rain,http://openweathermap.org/img/wn/10d@2x.png,47.03,60.8,80,14,SW,0.26,0,1015,100,1679590800,-14400
224,New Jersey,Mount Holly/Philadelphia,4,Fri 3/24,Rain,heavy intensity rain,http://openweathermap.org/img/wn/10d@2x.png,44.98,59.32,91,10,N,26.05,0,1011,100,1679677200,-14400
225,New Jersey,Mount Holly/Philadelphia,5,Sat 3/25,Rain,light rain,http://openweathermap.org/img/wn/10d@2x.png,44.11,65.37,96,23,SW,2.82,0,1001,100,1679763600,-14400
226,New York,Albany,1,Tue 3/21,Clouds,scattered clouds,http://openweathermap.org/img/wn/03d@2x.png,30.15,51.01,48,9,W,0,0,1026,42,1679418000,-14400
227,New York,Albany,2,Wed 3/22,Clouds,overcast clouds,http://openweathermap.org/img/wn/04d@2x.png,32.41,55.87,55,9,S,0,0,1027,99,1679504400,-14400
228,New York,Albany,3,Thu 3/23,Rain,moderate rain,http://openweathermap.org/img/wn/10d@2x.png,43.97,52.2,83,8,W,6.99,0,1009,99,1679590800,-14400
229,New York,Albany,4,Fri 3/24,Clouds,overcast clouds,http://openweathermap.org/img/wn/04d@2x.png,38.59,48.13,53,8,W,0,0,1012,100,1679677200,-14400
230,New York,Albany,5,Sat 3/25,Rain,moderate rain,http://openweathermap.org/img/wn/10d@2x.png,35.11,39.96,92,13,E,15.69,0,1007,100,1679763600,-14400
231,New York,Binghamton,1,Tue 3/21,Snow,light snow,http://openweathermap.org/img/wn/13d@2x.png,28.72,53.83,44,11,SW,0,0.18,1027,27,1679418000,-14400
232,New York,Binghamton,2,Wed 3/22,Clouds,overcast clouds,http://openweathermap.org/img/wn/04d@2x.png,34.16,54.39,49,11,S,0,0,1024,97,1679504400,-14400
233,New York,Binghamton,3,Thu 3/23,Rain,heavy intensity rain,http://openweathermap.org/img/wn/10d@2x.png,43.74,53.94,88,12,SW,10.95,0,1009,98,1679590800,-14400
234,New York,Binghamton,4,Fri 3/24,Rain,light rain,http://openweathermap.org/img/wn/10d@2x.png,36.07,43.25,70,6,N,0.24,0,1012,100,1679677200,-14400
235,New York,Binghamton,5,Sat 3/25,Snow,rain and snow,http://openweathermap.org/img/wn/13d@2x.png,36.84,48.88,92,20,SE,7.59,1.31,999,100,1679763600,-14400
236,New York,Buffalo,1,Tue 3/21,Snow,light snow,http://openweathermap.org/img/wn/13d@2x.png,36.77,45.46,62,17,SW,0,0.17,1028,93,1679418000,-14400
237,New York,Buffalo,2,Wed 3/22,Rain,light rain,http://openweathermap.org/img/wn/10d@2x.png,36.93,52.92,47,13,S,0.47,0,1022,100,1679504400,-14400
238,New York,Buffalo,3,Thu 3/23,Rain,moderate rain,http://openweathermap.org/img/wn/10d@2x.png,40.41,47.82,97,13,S,12.79,0,1010,100,1679590800,-14400
239,New York,Buffalo,4,Fri 3/24,Clouds,overcast clouds,http://openweathermap.org/img/wn/04d@2x.png,34.09,43.68,64,11,NE,0,0,1012,100,1679677200,-14400
240,New York,Buffalo,5,Sat 3/25,Snow,rain and snow,http://openweathermap.org/img/wn/13d@2x.png,33.73,55.33,82,25,S,24.94,3.15,988,96,1679763600,-14400
241,New York,New York/Upton,1,Tue 3/21,Clear,sky is clear,http://openweathermap.org/img/wn/01d@2x.png,37.44,49.53,48,14,SW,0,0,1028,3,1679414400,-14400
242,New York,New York/Upton,2,Wed 3/22,Clouds,overcast clouds,http://openweathermap.org/img/wn/04d@2x.png,43.18,49.14,57,14,S,0,0,1030,100,1679500800,-14400
243,New York,New York/Upton,3,Thu 3/23,Rain,moderate rain,http://openweathermap.org/img/wn/10d@2x.png,45.39,51.48,84,17,SW,1.91,0,1015,99,1679587200,-14400
244,New York,New York/Upton,4,Fri 3/24,Rain,moderate rain,http://openweathermap.org/img/wn/10d@2x.png,42.71,51.6,84,11,SW,5.58,0,1011,100,1679673600,-14400
245,New York,New York/Upton,5,Sat 3/25,Rain,light rain,http://openweathermap.org/img/wn/10d@2x.png,42.13,50.77,83,27,E,7.68,0,1012,100,1679760000,-14400
246,North Carolina,Newport/Morehead City,1,Tue 3/21,Clear,sky is clear,http://openweathermap.org/img/wn/01d@2x.png,36.97,58.59,36,9,NE,0,0,1031,5,1679418000,-14400
247,North Carolina,Newport/Morehead City,2,Wed 3/22,Clouds,overcast clouds,http://openweathermap.org/img/wn/04d@2x.png,47.82,67.26,54,7,NE,0,0,1028,95,1679504400,-14400
248,North Carolina,Newport/Morehead City,3,Thu 3/23,Clouds,broken clouds,http://openweathermap.org/img/wn/04d@2x.png,56.71,69.42,71,18,S,0,0,1023,68,1679590800,-14400
249,North Carolina,Newport/Morehead City,4,Fri 3/24,Clouds,scattered clouds,http://openweathermap.org/img/wn/03d@2x.png,62.94,71.22,66,20,S,0,0,1015,29,1679677200,-14400
250,North Carolina,Newport/Morehead City,5,Sat 3/25,Rain,light rain,http://openweathermap.org/img/wn/10d@2x.png,63.79,70.29,75,21,S,0.73,0,1009,100,1679763600,-14400
251,North Carolina,Raleigh,1,Tue 3/21,Clouds,scattered clouds,http://openweathermap.org/img/wn/03d@2x.png,30.56,59.43,24,6,SE,0,0,1032,40,1679418000,-14400
252,North Carolina,Raleigh,2,Wed 3/22,Rain,light rain,http://openweathermap.org/img/wn/10d@2x.png,45.3,55.15,70,7,SE,0.4,0,1030,100,1679504400,-14400
253,North Carolina,Raleigh,3,Thu 3/23,Clouds,broken clouds,http://openweathermap.org/img/wn/04d@2x.png,47.37,76.32,63,15,SW,0,0,1022,71,1679590800,-14400
254,North Carolina,Raleigh,4,Fri 3/24,Clouds,scattered clouds,http://openweathermap.org/img/wn/03d@2x.png,61,81.23,37,18,SW,0,0,1012,48,1679677200,-14400
255,North Carolina,Raleigh,5,Sat 3/25,Rain,moderate rain,http://openweathermap.org/img/wn/10d@2x.png,63.28,76.46,72,19,SW,3.73,0,1005,100,1679763600,-14400
256,North Carolina,Wilmington,1,Tue 3/21,Clear,sky is clear,http://openweathermap.org/img/wn/01d@2x.png,31.24,57.61,39,10,E,0,0,1031,2,1679418000,-14400
257,North Carolina,Wilmington,2,Wed 3/22,Clouds,overcast clouds,http://openweathermap.org/img/wn/04d@2x.png,50.23,66.58,53,8,NE,0,0,1029,99,1679504400,-14400
258,North Carolina,Wilmington,3,Thu 3/23,Clouds,broken clouds,http://openweathermap.org/img/wn/04d@2x.png,57.88,74.41,56,15,S,0,0,1023,59,1679590800,-14400
259,North Carolina,Wilmington,4,Fri 3/24,Clouds,few clouds,http://openweathermap.org/img/wn/02d@2x.png,64.4,77.88,50,16,S,0,0,1015,16,1679677200,-14400
260,North Carolina,Wilmington,5,Sat 3/25,Rain,light rain,http://openweathermap.org/img/wn/10d@2x.png,64.58,73.54,76,20,S,1.07,0,1009,93,1679763600,-14400
261,Ohio,Cleveland,1,Tue 3/21,Clouds,scattered clouds,http://openweathermap.org/img/wn/03d@2x.png,33.84,49.35,45,13,S,0,0,1027,50,1679418000,-14400
262,Ohio,Cleveland,2,Wed 3/22,Rain,light rain,http://openweathermap.org/img/wn/10d@2x.png,40.57,45.81,87,16,S,2.9,0,1022,100,1679504400,-14400
263,Ohio,Cleveland,3,Thu 3/23,Rain,moderate rain,http://openweathermap.org/img/wn/10d@2x.png,38.7,54.79,97,17,S,13.13,0,1009,100,1679590800,-14400
264,Ohio,Cleveland,4,Fri 3/24,Rain,moderate rain,http://openweathermap.org/img/wn/10d@2x.png,36.09,41.65,82,13,N,15.09,0,1010,100,1679677200,-14400
265,Ohio,Cleveland,5,Sat 3/25,Snow,rain and snow,http://openweathermap.org/img/wn/13d@2x.png,33.58,52.45,88,28,W,31.16,6.42,986,98,1679763600,-14400
266,Ohio,Wilmington,1,Tue 3/21,Clouds,overcast clouds,http://openweathermap.org/img/wn/04d@2x.png,28.53,52.65,40,13,S,0,0,1028,100,1679418000,-14400
267,Ohio,Wilmington,2,Wed 3/22,Rain,light rain,http://openweathermap.org/img/wn/10d@2x.png,41.16,48.9,93,15,S,1.32,0,1022,100,1679504400,-14400
268,Ohio,Wilmington,3,Thu 3/23,Rain,light rain,http://openweathermap.org/img/wn/10d@2x.png,49.21,64.2,84,21,SW,5.52,0,1012,100,1679590800,-14400
269,Ohio,Wilmington,4,Fri 3/24,Rain,heavy intensity rain,http://openweathermap.org/img/wn/10d@2x.png,51.53,62.82,82,19,SW,86.25,0,1007,100,1679677200,-14400
270,Ohio,Wilmington,5,Sat 3/25,Rain,heavy intensity rain,http://openweathermap.org/img/wn/10d@2x.png,40.33,58.44,90,31,SW,33.73,0,999,91,1679763600,-14400
271,Pennsylvania,Pittsburgh,1,Tue 3/21,Clouds,scattered clouds,http://openweathermap.org/img/wn/03d@2x.png,27.21,52.02,33,7,S,0,0,1029,46,1679418000,-14400
272,Pennsylvania,Pittsburgh,2,Wed 3/22,Rain,light rain,http://openweathermap.org/img/wn/10d@2x.png,38.77,46.06,82,9,S,0.39,0,1025,100,1679504400,-14400
273,Pennsylvania,Pittsburgh,3,Thu 3/23,Rain,moderate rain,http://openweathermap.org/img/wn/10d@2x.png,47.61,61.07,92,17,S,7.71,0,1011,100,1679590800,-14400
274,Pennsylvania,Pittsburgh,4,Fri 3/24,Rain,heavy intensity rain,http://openweathermap.org/img/wn/10d@2x.png,46.53,53.38,94,7,NW,54.8,0,1009,100,1679677200,-14400
275,Pennsylvania,Pittsburgh,5,Sat 3/25,Rain,moderate rain,http://openweathermap.org/img/wn/10d@2x.png,36.97,63.57,64,27,SW,19.3,0,989,70,1679763600,-14400
276,Pennsylvania,State College,1,Tue 3/21,Clear,sky is clear,http://openweathermap.org/img/wn/01d@2x.png,27.07,54.64,31,8,SW,0,0,1028,5,1679418000,-14400
277,Pennsylvania,State College,2,Wed 3/22,Clouds,overcast clouds,http://openweathermap.org/img/wn/04d@2x.png,36.63,52.66,50,9,S,0,0,1025,93,1679504400,-14400
278,Pennsylvania,State College,3,Thu 3/23,Rain,moderate rain,http://openweathermap.org/img/wn/10d@2x.png,43.7,60.73,96,15,SW,4.38,0,1011,100,1679590800,-14400
279,Pennsylvania,State College,4,Fri 3/24,Rain,moderate rain,http://openweathermap.org/img/wn/10d@2x.png,41.92,51.53,93,6,NE,28.18,0,1010,100,1679677200,-14400
280,Pennsylvania,State College,5,Sat 3/25,Rain,moderate rain,http://openweathermap.org/img/wn/10d@2x.png,35.69,57.29,98,23,S,9.84,0,996,100,1679763600,-14400
281,South Carolina,Charleston,1,Tue 3/21,Clear,sky is clear,http://openweathermap.org/img/wn/01d@2x.png,38.61,62.74,29,9,E,0,0,1030,1,1679418000,-14400
282,South Carolina,Charleston,2,Wed 3/22,Rain,light rain,http://openweathermap.org/img/wn/10d@2x.png,52.16,68.85,60,5,NE,0.29,0,1028,97,1679504400,-14400
283,South Carolina,Charleston,3,Thu 3/23,Rain,light rain,http://openweathermap.org/img/wn/10d@2x.png,60.6,78.96,49,12,S,0.12,0,1024,29,1679590800,-14400
284,South Carolina,Charleston,4,Fri 3/24,Clear,sky is clear,http://openweathermap.org/img/wn/01d@2x.png,63.99,82.18,41,13,S,0,0,1016,2,1679677200,-14400
285,South Carolina,Charleston,5,Sat 3/25,Rain,light rain,http://openweathermap.org/img/wn/10d@2x.png,65.1,77.68,80,16,S,1.91,0,1010,69,1679763600,-14400
286,South Carolina,Columbia,1,Tue 3/21,Clouds,few clouds,http://openweathermap.org/img/wn/02d@2x.png,28.9,61.38,26,8,E,0,0,1031,22,1679418000,-14400
287,South Carolina,Columbia,2,Wed 3/22,Clouds,overcast clouds,http://openweathermap.org/img/wn/04d@2x.png,46.65,64.26,71,6,SE,0,0,1029,100,1679504400,-14400
288,South Carolina,Columbia,3,Thu 3/23,Clouds,broken clouds,http://openweathermap.org/img/wn/04d@2x.png,55.06,79.18,51,13,SW,0,0,1023,51,1679590800,-14400
289,South Carolina,Columbia,4,Fri 3/24,Clear,sky is clear,http://openweathermap.org/img/wn/01d@2x.png,61.25,81.68,43,16,SW,0,0,1015,3,1679677200,-14400
290,South Carolina,Columbia,5,Sat 3/25,Rain,moderate rain,http://openweathermap.org/img/wn/10d@2x.png,62.01,79.45,52,19,SW,6.78,0,1008,93,1679763600,-14400
291,South Carolina,Greenville-Spartanburg,1,Tue 3/21,Clouds,broken clouds,http://openweathermap.org/img/wn/04d@2x.png,30.49,56.64,27,6,SE,0,0,1031,53,1679418000,-14400
292,South Carolina,Greenville-Spartanburg,2,Wed 3/22,Rain,light rain,http://openweathermap.org/img/wn/10d@2x.png,41.85,53.37,68,4,N,0.62,0,1029,100,1679504400,-14400
293,South Carolina,Greenville-Spartanburg,3,Thu 3/23,Clouds,broken clouds,http://openweathermap.org/img/wn/04d@2x.png,46.98,74.1,58,15,SW,0,0,1022,81,1679590800,-14400
294,South Carolina,Greenville-Spartanburg,4,Fri 3/24,Clouds,broken clouds,http://openweathermap.org/img/wn/04d@2x.png,57.87,78.19,50,18,SW,0,0,1013,55,1679677200,-14400
295,South Carolina,Greenville-Spartanburg,5,Sat 3/25,Rain,moderate rain,http://openweathermap.org/img/wn/10d@2x.png,56.68,73.9,38,20,SW,7.94,0,1006,38,1679763600,-14400
296,Vermont,Burlington,1,Tue 3/21,Snow,rain and snow,http://openweathermap.org/img/wn/13d@2x.png,26.85,39,77,9,S,0.4,0.23,1025,99,1679414400,-14400
297,Vermont,Burlington,2,Wed 3/22,Clouds,broken clouds,http://openweathermap.org/img/wn/04d@2x.png,26.28,37.62,76,3,SE,0,0,1029,54,1679500800,-14400
298,Vermont,Burlington,3,Thu 3/23,Rain,moderate rain,http://openweathermap.org/img/wn/10d@2x.png,36.05,41.4,96,12,SE,6.89,0,1009,100,1679587200,-14400
299,Vermont,Burlington,4,Fri 3/24,Clouds,overcast clouds,http://openweathermap.org/img/wn/04d@2x.png,31.03,38.01,77,9,N,0,0,1014,100,1679673600,-14400
300,Vermont,Burlington,5,Sat 3/25,Snow,rain and snow,http://openweathermap.org/img/wn/13d@2x.png,29.26,36.41,73,19,SE,6.84,5.92,1014,100,1679760000,-14400
301,Virginia,Baltimore/Washington,1,Tue 3/21,Clouds,scattered clouds,http://openweathermap.org/img/wn/03d@2x.png,31.37,57.65,28,9,S,0,0,1030,31,1679418000,-14400
302,Virginia,Baltimore/Washington,2,Wed 3/22,Clouds,overcast clouds,http://openweathermap.org/img/wn/04d@2x.png,41.22,59.27,40,14,S,0,0,1027,100,1679504400,-14400
303,Virginia,Baltimore/Washington,3,Thu 3/23,Rain,moderate rain,http://openweathermap.org/img/wn/10d@2x.png,42.57,72.36,88,12,SW,4.75,0,1015,100,1679590800,-14400
304,Virginia,Baltimore/Washington,4,Fri 3/24,Rain,moderate rain,http://openweathermap.org/img/wn/10d@2x.png,52.23,72.61,63,11,S,10.45,0,1006,100,1679677200,-14400
305,Virginia,Baltimore/Washington,5,Sat 3/25,Rain,light rain,http://openweathermap.org/img/wn/10d@2x.png,47.93,73.83,72,23,S,0.33,0,998,100,1679763600,-14400
306,Virginia,Blacksburg/Roanoke,1,Tue 3/21,Clouds,scattered clouds,http://openweathermap.org/img/wn/03d@2x.png,25.21,55.9,24,10,S,0,0,1029,40,1679418000,-14400
307,Virginia,Blacksburg/Roanoke,2,Wed 3/22,Rain,light rain,http://openweathermap.org/img/wn/10d@2x.png,36.19,42.51,93,4,SW,2.53,0,1029,100,1679504400,-14400
308,Virginia,Blacksburg/Roanoke,3,Thu 3/23,Clouds,overcast clouds,http://openweathermap.org/img/wn/04d@2x.png,43.2,70.92,54,15,SW,0,0,1018,95,1679590800,-14400
309,Virginia,Blacksburg/Roanoke,4,Fri 3/24,Rain,light rain,http://openweathermap.org/img/wn/10d@2x.png,51.42,72.82,56,15,SW,0.7,0,1009,100,1679677200,-14400
310,Virginia,Blacksburg/Roanoke,5,Sat 3/25,Rain,light rain,http://openweathermap.org/img/wn/10d@2x.png,49.69,68.95,38,19,SW,1.62,0,1001,53,1679763600,-14400
311,Virginia,Wakefield,1,Tue 3/21,Clouds,broken clouds,http://openweathermap.org/img/wn/04d@2x.png,28.35,60.76,24,7,SE,0,0,1032,79,1679418000,-14400
312,Virginia,Wakefield,2,Wed 3/22,Clouds,overcast clouds,http://openweathermap.org/img/wn/04d@2x.png,40.91,60.89,59,10,SW,0,0,1029,100,1679504400,-14400
313,Virginia,Wakefield,3,Thu 3/23,Clouds,overcast clouds,http://openweathermap.org/img/wn/04d@2x.png,47.75,77.72,53,16,SW,0,0,1019,88,1679590800,-14400
314,Virginia,Wakefield,4,Fri 3/24,Clouds,overcast clouds,http://openweathermap.org/img/wn/04d@2x.png,61.39,81.46,46,16,SW,0,0,1010,100,1679677200,-14400
315,Virginia,Wakefield,5,Sat 3/25,Rain,light rain,http://openweathermap.org/img/wn/10d@2x.png,61.05,77.14,71,19,S,0.1,0,1003,100,1679763600,-14400
316,West Virginia,Charleston,1,Tue 3/21,Clouds,broken clouds,http://openweathermap.org/img/wn/04d@2x.png,25.54,59.34,27,5,S,0,0,1029,76,1679418000,-14400
317,West Virginia,Charleston,2,Wed 3/22,Rain,light rain,http://openweathermap.org/img/wn/10d@2x.png,43.3,56.34,83,10,S,1.14,0,1025,100,1679504400,-14400
318,West Virginia,Charleston,3,Thu 3/23,Rain,light rain,http://openweathermap.org/img/wn/10d@2x.png,52.66,74.37,63,15,SW,0.97,0,1016,100,1679590800,-14400
319,West Virginia,Charleston,4,Fri 3/24,Rain,moderate rain,http://openweathermap.org/img/wn/10d@2x.png,61.25,70.47,87,15,SW,31.11,0,1007,95,1679677200,-14400
320,West Virginia,Charleston,5,Sat 3/25,Rain,light rain,http://openweathermap.org/img/wn/10d@2x.png,48.22,66.7,60,24,SW,3.18,0,999,37,1679763600,-14400
321,Guam,Guam,1,Tue 3/21,Rain,moderate rain,http://openweathermap.org/img/wn/10d@2x.png,78.42,82.45,76,12,NE,6.37,0,1011,81,1679364000,36000
322,Guam,Guam,2,Wed 3/22,Rain,light rain,http://openweathermap.org/img/wn/10d@2x.png,78.85,81.68,80,17,NE,3.69,0,1012,45,1679450400,36000
323,Guam,Guam,3,Thu 3/23,Clouds,few clouds,http://openweathermap.org/img/wn/02d@2x.png,79.3,82.02,71,17,NE,0,0,1012,13,1679536800,36000
324,Guam,Guam,4,Fri 3/24,Rain,light rain,http://openweathermap.org/img/wn/10d@2x.png,78.71,82.08,75,17,NE,0.95,0,1011,11,1679623200,36000
325,Guam,Guam,5,Sat 3/25,Rain,light rain,http://openweathermap.org/img/wn/10d@2x.png,78.64,81.84,76,17,NE,2.08,0,1010,23,1679709600,36000
326,Hawaii,Honolulu,1,Tue 3/21,Rain,light rain,http://openweathermap.org/img/wn/10d@2x.png,72.84,76.75,70,11,NE,1.86,0,1019,100,1679436000,-36000
327,Hawaii,Honolulu,2,Wed 3/22,Rain,light rain,http://openweathermap.org/img/wn/10d@2x.png,72.23,76.48,72,12,E,4.04,0,1019,100,1679522400,-36000
328,Hawaii,Honolulu,3,Thu 3/23,Rain,light rain,http://openweathermap.org/img/wn/10d@2x.png,72.41,76.17,68,5,N,2.98,0,1018,27,1679608800,-36000
329,Hawaii,Honolulu,4,Fri 3/24,Rain,light rain,http://openweathermap.org/img/wn/10d@2x.png,72.05,76.46,74,13,NE,2.71,0,1019,10,1679695200,-36000
330,Hawaii,Honolulu,5,Sat 3/25,Rain,light rain,http://openweathermap.org/img/wn/10d@2x.png,72.73,75.2,75,18,NE,0.32,0,1019,100,1679781600,-36000
331,Alabama,Birmingham,1,Tue 3/21,Clouds,overcast clouds,http://openweathermap.org/img/wn/04d@2x.png,32.11,60.76,42,10,SE,0,0,1028,96,1679418000,-18000
332,Alabama,Birmingham,2,Wed 3/22,Clouds,scattered clouds,http://openweathermap.org/img/wn/03d@2x.png,44.44,73.87,48,9,S,0,0,1025,29,1679504400,-18000
333,Alabama,Birmingham,3,Thu 3/23,Clear,sky is clear,http://openweathermap.org/img/wn/01d@2x.png,51.94,78.87,46,9,S,0,0,1022,2,1679590800,-18000
334,Alabama,Birmingham,4,Fri 3/24,Clouds,broken clouds,http://openweathermap.org/img/wn/04d@2x.png,61.86,81.81,49,16,S,0,0,1013,59,1679677200,-18000
335,Alabama,Birmingham,5,Sat 3/25,Rain,heavy intensity rain,http://openweathermap.org/img/wn/10d@2x.png,58.17,76.59,28,21,S,14.54,0,1010,0,1679763600,-18000
336,Alabama,Huntsville,1,Tue 3/21,Clouds,overcast clouds,http://openweathermap.org/img/wn/04d@2x.png,34.75,56.89,43,14,SE,0,0,1028,100,1679418000,-18000
337,Alabama,Huntsville,2,Wed 3/22,Rain,light rain,http://openweathermap.org/img/wn/10d@2x.png,47.59,60.8,78,9,SE,0.28,0,1026,100,1679504400,-18000
338,Alabama,Huntsville,3,Thu 3/23,Clouds,broken clouds,http://openweathermap.org/img/wn/04d@2x.png,51.31,75.85,56,13,S,0,0,1021,67,1679590800,-18000
339,Alabama,Huntsville,4,Fri 3/24,Rain,light rain,http://openweathermap.org/img/wn/10d@2x.png,61.43,78.08,82,19,SE,0.34,0,1012,100,1679677200,-18000
340,Alabama,Huntsville,5,Sat 3/25,Rain,heavy intensity rain,http://openweathermap.org/img/wn/10d@2x.png,56.05,69.98,49,16,SW,32.67,0,1009,0,1679763600,-18000
341,Alabama,Mobile/Pensacola,1,Tue 3/21,Clouds,broken clouds,http://openweathermap.org/img/wn/04d@2x.png,36.41,64.42,43,10,SE,0,0,1026,52,1679421600,-18000
342,Alabama,Mobile/Pensacola,2,Wed 3/22,Clouds,few clouds,http://openweathermap.org/img/wn/02d@2x.png,50.94,74.01,43,8,SE,0,0,1025,19,1679508000,-18000
343,Alabama,Mobile/Pensacola,3,Thu 3/23,Clear,sky is clear,http://openweathermap.org/img/wn/01d@2x.png,58.55,78.1,61,11,SE,0,0,1022,4,1679590800,-18000
344,Alabama,Mobile/Pensacola,4,Fri 3/24,Rain,light rain,http://openweathermap.org/img/wn/10d@2x.png,64.56,76.37,66,14,S,0.13,0,1015,31,1679677200,-18000
345,Alabama,Mobile/Pensacola,5,Sat 3/25,Rain,light rain,http://openweathermap.org/img/wn/10d@2x.png,62.55,81.61,27,14,S,4.62,0,1012,10,1679763600,-18000
346,Arkansas,Little Rock,1,Tue 3/21,Rain,light rain,http://openweathermap.org/img/wn/10d@2x.png,42.24,51.22,83,9,SE,2.07,0,1021,100,1679421600,-18000
347,Arkansas,Little Rock,2,Wed 3/22,Rain,light rain,http://openweathermap.org/img/wn/10d@2x.png,53.37,68.92,87,12,S,1.5,0,1018,100,1679508000,-18000
348,Arkansas,Little Rock,3,Thu 3/23,Clouds,overcast clouds,http://openweathermap.org/img/wn/04d@2x.png,63.81,75.88,72,15,S,0,0,1015,97,1679594400,-18000
349,Arkansas,Little Rock,4,Fri 3/24,Rain,heavy intensity rain,http://openweathermap.org/img/wn/10d@2x.png,60.06,69.3,91,14,S,65.38,0,1005,100,1679680800,-18000
350,Arkansas,Little Rock,5,Sat 3/25,Clear,sky is clear,http://openweathermap.org/img/wn/01d@2x.png,50.88,68.54,56,11,W,0,0,1010,1,1679767200,-18000
351,Florida,Jacksonville,1,Tue 3/21,Clouds,scattered clouds,http://openweathermap.org/img/wn/03d@2x.png,48.96,65.91,53,11,NE,0,0,1028,45,1679418000,-14400
352,Florida,Jacksonville,2,Wed 3/22,Clear,sky is clear,http://openweathermap.org/img/wn/01d@2x.png,59.79,80.51,48,10,E,0,0,1025,10,1679504400,-14400
353,Florida,Jacksonville,3,Thu 3/23,Clouds,few clouds,http://openweathermap.org/img/wn/02d@2x.png,61.21,82.29,44,10,E,0,0,1025,18,1679590800,-14400
354,Florida,Jacksonville,4,Fri 3/24,Clear,sky is clear,http://openweathermap.org/img/wn/01d@2x.png,62.46,85.01,37,8,S,0,0,1017,0,1679677200,-14400
355,Florida,Jacksonville,5,Sat 3/25,Clouds,scattered clouds,http://openweathermap.org/img/wn/03d@2x.png,65.71,83.59,52,15,SW,0,0,1013,43,1679763600,-14400
356,Florida,Key West,1,Tue 3/21,Clouds,overcast clouds,http://openweathermap.org/img/wn/04d@2x.png,66.09,74.16,79,19,NE,0,0,1023,100,1679418000,-14400
357,Florida,Key West,2,Wed 3/22,Clear,sky is clear,http://openweathermap.org/img/wn/01d@2x.png,73.13,74.84,68,24,NE,0,0,1024,0,1679504400,-14400
358,Florida,Key West,3,Thu 3/23,Clear,sky is clear,http://openweathermap.org/img/wn/01d@2x.png,73.31,74.79,67,24,NE,0,0,1023,3,1679590800,-14400
359,Florida,Key West,4,Fri 3/24,Clouds,few clouds,http://openweathermap.org/img/wn/02d@2x.png,75.06,76.71,71,18,E,0,0,1018,16,1679677200,-14400
360,Florida,Key West,5,Sat 3/25,Clear,sky is clear,http://openweathermap.org/img/wn/01d@2x.png,76.32,78.17,83,16,SE,0,0,1016,0,1679763600,-14400
361,Florida,Melbourne,1,Tue 3/21,Clear,sky is clear,http://openweathermap.org/img/wn/01d@2x.png,49.55,71.69,57,12,N,0,0,1025,9,1679418000,-14400
362,Florida,Melbourne,2,Wed 3/22,Clouds,few clouds,http://openweathermap.org/img/wn/02d@2x.png,64.72,74.16,62,15,E,0,0,1026,24,1679504400,-14400
363,Florida,Melbourne,3,Thu 3/23,Clouds,few clouds,http://openweathermap.org/img/wn/02d@2x.png,66.15,75.36,58,13,E,0,0,1025,11,1679590800,-14400
364,Florida,Melbourne,4,Fri 3/24,Clear,sky is clear,http://openweathermap.org/img/wn/01d@2x.png,66.74,78.69,57,19,E,0,0,1018,0,1679677200,-14400
365,Florida,Melbourne,5,Sat 3/25,Clear,sky is clear,http://openweathermap.org/img/wn/01d@2x.png,65.05,84.67,51,11,S,0,0,1015,1,1679763600,-14400
366,Florida,Miami,1,Tue 3/21,Clouds,broken clouds,http://openweathermap.org/img/wn/04d@2x.png,60.28,75.88,57,12,NE,0,0,1024,58,1679418000,-14400
367,Florida,Miami,2,Wed 3/22,Clouds,few clouds,http://openweathermap.org/img/wn/02d@2x.png,70.43,78.17,52,16,E,0,0,1024,23,1679504400,-14400
368,Florida,Miami,3,Thu 3/23,Clouds,scattered clouds,http://openweathermap.org/img/wn/03d@2x.png,70.86,78.62,49,16,E,0,0,1023,34,1679590800,-14400
369,Florida,Miami,4,Fri 3/24,Clouds,scattered clouds,http://openweathermap.org/img/wn/03d@2x.png,73,81.45,48,14,E,0,0,1018,36,1679677200,-14400
370,Florida,Miami,5,Sat 3/25,Rain,light rain,http://openweathermap.org/img/wn/10d@2x.png,73.13,82.22,65,16,SE,0.14,0,1017,44,1679763600,-14400
371,Florida,Tallahassee,1,Tue 3/21,Clouds,scattered clouds,http://openweathermap.org/img/wn/03d@2x.png,34.79,70.9,46,7,NE,0,0,1028,29,1679418000,-14400
372,Florida,Tallahassee,2,Wed 3/22,Clear,sky is clear,http://openweathermap.org/img/wn/01d@2x.png,51.03,78.76,43,7,SE,0,0,1026,6,1679504400,-14400
373,Florida,Tallahassee,3,Thu 3/23,Clear,sky is clear,http://openweathermap.org/img/wn/01d@2x.png,56.44,79.56,48,10,SE,0,0,1024,0,1679590800,-14400
374,Florida,Tallahassee,4,Fri 3/24,Clear,sky is clear,http://openweathermap.org/img/wn/01d@2x.png,59.47,80.64,44,12,S,0,0,1017,0,1679677200,-14400
375,Florida,Tallahassee,5,Sat 3/25,Rain,moderate rain,http://openweathermap.org/img/wn/10d@2x.png,63.77,86.81,60,12,SW,5.16,0,1012,96,1679763600,-14400
376,Florida,Tampa,1,Tue 3/21,Clear,sky is clear,http://openweathermap.org/img/wn/01d@2x.png,46.98,75.58,46,14,NE,0,0,1024,5,1679418000,-14400
377,Florida,Tampa,2,Wed 3/22,Clear,sky is clear,http://openweathermap.org/img/wn/01d@2x.png,58.82,78.06,46,15,E,0,0,1025,0,1679504400,-14400
378,Florida,Tampa,3,Thu 3/23,Clear,sky is clear,http://openweathermap.org/img/wn/01d@2x.png,61.2,81.9,46,14,E,0,0,1023,0,1679590800,-14400
379,Florida,Tampa,4,Fri 3/24,Clear,sky is clear,http://openweathermap.org/img/wn/01d@2x.png,62.29,80.83,50,18,SW,0,0,1017,0,1679677200,-14400
380,Florida,Tampa,5,Sat 3/25,Clear,sky is clear,http://openweathermap.org/img/wn/01d@2x.png,66.45,80.89,64,17,S,0,0,1016,5,1679763600,-14400
381,Georgia,Peachtree City/Atlanta,1,Tue 3/21,Clouds,broken clouds,http://openweathermap.org/img/wn/04d@2x.png,31.01,59.32,35,9,SE,0,0,1030,74,1679418000,-14400
382,Georgia,Peachtree City/Atlanta,2,Wed 3/22,Clouds,scattered clouds,http://openweathermap.org/img/wn/03d@2x.png,43.18,73.09,54,8,S,0,0,1026,25,1679504400,-14400
383,Georgia,Peachtree City/Atlanta,3,Thu 3/23,Clouds,scattered clouds,http://openweathermap.org/img/wn/03d@2x.png,53.22,78.06,45,9,S,0,0,1023,37,1679590800,-14400
384,Georgia,Peachtree City/Atlanta,4,Fri 3/24,Clouds,scattered clouds,http://openweathermap.org/img/wn/03d@2x.png,57.58,79.74,46,13,S,0,0,1014,47,1679677200,-14400
385,Georgia,Peachtree City/Atlanta,5,Sat 3/25,Rain,moderate rain,http://openweathermap.org/img/wn/10d@2x.png,56.73,76.51,26,21,S,8.25,0,1009,13,1679763600,-14400
386,Louisiana,Lake Charles,1,Tue 3/21,Clouds,overcast clouds,http://openweathermap.org/img/wn/04d@2x.png,48.16,70.95,66,17,SE,0,0,1022,99,1679421600,-18000
387,Louisiana,Lake Charles,2,Wed 3/22,Clouds,broken clouds,http://openweathermap.org/img/wn/04d@2x.png,63.34,77.43,62,15,S,0,0,1022,68,1679508000,-18000
388,Louisiana,Lake Charles,3,Thu 3/23,Clouds,few clouds,http://openweathermap.org/img/wn/02d@2x.png,64.65,80.91,63,17,S,0,0,1019,24,1679594400,-18000
389,Louisiana,Lake Charles,4,Fri 3/24,Rain,light rain,http://openweathermap.org/img/wn/10d@2x.png,70.05,80.53,66,19,S,3.3,0,1010,71,1679680800,-18000
390,Louisiana,Lake Charles,5,Sat 3/25,Clear,sky is clear,http://openweathermap.org/img/wn/01d@2x.png,56.97,81.23,23,11,W,0,0,1013,0,1679767200,-18000
391,Louisiana,New Orleans/Baton Rouge,1,Tue 3/21,Clouds,broken clouds,http://openweathermap.org/img/wn/04d@2x.png,39.92,66,49,13,E,0,0,1025,58,1679421600,-18000
392,Louisiana,New Orleans/Baton Rouge,2,Wed 3/22,Clouds,broken clouds,http://openweathermap.org/img/wn/04d@2x.png,57.79,73.29,60,10,E,0,0,1024,65,1679508000,-18000
393,Louisiana,New Orleans/Baton Rouge,3,Thu 3/23,Clear,sky is clear,http://openweathermap.org/img/wn/01d@2x.png,61.48,79.47,61,10,SE,0,0,1021,0,1679594400,-18000
394,Louisiana,New Orleans/Baton Rouge,4,Fri 3/24,Rain,light rain,http://openweathermap.org/img/wn/10d@2x.png,65.53,79.97,57,19,S,4.75,0,1013,18,1679680800,-18000
395,Louisiana,New Orleans/Baton Rouge,5,Sat 3/25,Rain,moderate rain,http://openweathermap.org/img/wn/10d@2x.png,65.05,77.88,39,16,SW,5.84,0,1013,0,1679767200,-18000
396,Louisiana,Shreveport,1,Tue 3/21,Clouds,overcast clouds,http://openweathermap.org/img/wn/04d@2x.png,47.01,68,76,13,SE,0,0,1020,100,1679421600,-18000
397,Louisiana,Shreveport,2,Wed 3/22,Clouds,overcast clouds,http://openweathermap.org/img/wn/04d@2x.png,62.15,72.09,78,12,SE,0,0,1020,100,1679508000,-18000
398,Louisiana,Shreveport,3,Thu 3/23,Clouds,overcast clouds,http://openweathermap.org/img/wn/04d@2x.png,62.24,83.59,62,14,S,0,0,1016,95,1679594400,-18000
399,Louisiana,Shreveport,4,Fri 3/24,Rain,heavy intensity rain,http://openweathermap.org/img/wn/10d@2x.png,60.13,72,78,14,S,47,0,1007,100,1679680800,-18000
400,Louisiana,Shreveport,5,Sat 3/25,Clear,sky is clear,http://openweathermap.org/img/wn/01d@2x.png,51.55,73.9,36,11,SW,0,0,1012,0,1679767200,-18000
401,Mississippi,Jackson,1,Tue 3/21,Clouds,overcast clouds,http://openweathermap.org/img/wn/04d@2x.png,38.68,61.41,48,11,SE,0,0,1024,100,1679421600,-18000
402,Mississippi,Jackson,2,Wed 3/22,Clouds,overcast clouds,http://openweathermap.org/img/wn/04d@2x.png,51.55,76.77,58,10,S,0,0,1022,85,1679508000,-18000
403,Mississippi,Jackson,3,Thu 3/23,Clear,sky is clear,http://openweathermap.org/img/wn/01d@2x.png,56.05,80.85,49,13,SE,0,0,1019,1,1679594400,-18000
404,Mississippi,Jackson,4,Fri 3/24,Rain,moderate rain,http://openweathermap.org/img/wn/10d@2x.png,66.79,83.23,53,19,SW,5.61,0,1010,82,1679680800,-18000
405,Mississippi,Jackson,5,Sat 3/25,Rain,moderate rain,http://openweathermap.org/img/wn/10d@2x.png,58.78,75.67,36,11,SW,4.74,0,1012,0,1679767200,-18000
406,New Mexico,Albuquerque,1,Tue 3/21,Rain,moderate rain,http://openweathermap.org/img/wn/10d@2x.png,40.53,53.04,65,15,SW,4.6,0,1009,100,1679425200,-21600
407,New Mexico,Albuquerque,2,Wed 3/22,Rain,light rain,http://openweathermap.org/img/wn/10d@2x.png,45.37,62.73,38,33,S,0.25,0,1007,100,1679511600,-21600
408,New Mexico,Albuquerque,3,Thu 3/23,Clouds,scattered clouds,http://openweathermap.org/img/wn/03d@2x.png,40.42,52.48,28,21,W,0,0,1013,47,1679598000,-21600
409,New Mexico,Albuquerque,4,Fri 3/24,Snow,rain and snow,http://openweathermap.org/img/wn/13d@2x.png,37.81,49.62,33,29,W,0.99,1.08,1012,97,1679684400,-21600
410,New Mexico,Albuquerque,5,Sat 3/25,Snow,rain and snow,http://openweathermap.org/img/wn/13d@2x.png,33.78,48.54,29,17,W,0.65,0.72,1013,0,1679770800,-21600
411,Oklahoma,Norman/Oklahoma City,1,Tue 3/21,Rain,light rain,http://openweathermap.org/img/wn/10d@2x.png,44.83,73.74,73,26,S,0.11,0,1011,100,1679421600,-18000
412,Oklahoma,Norman/Oklahoma City,2,Wed 3/22,Clouds,overcast clouds,http://openweathermap.org/img/wn/04d@2x.png,60.91,80.02,54,25,S,0,0,1012,100,1679508000,-18000
413,Oklahoma,Norman/Oklahoma City,3,Thu 3/23,Rain,moderate rain,http://openweathermap.org/img/wn/10d@2x.png,63.79,71.89,80,24,S,5.28,0,1010,100,1679594400,-18000
414,Oklahoma,Norman/Oklahoma City,4,Fri 3/24,Rain,light rain,http://openweathermap.org/img/wn/10d@2x.png,55.26,73.36,26,18,SW,1.45,0,1004,51,1679680800,-18000
415,Oklahoma,Norman/Oklahoma City,5,Sat 3/25,Clear,sky is clear,http://openweathermap.org/img/wn/01d@2x.png,46.35,62.2,52,13,W,0,0,1012,0,1679767200,-18000
416,Oklahoma,Tulsa,1,Tue 3/21,Rain,moderate rain,http://openweathermap.org/img/wn/10d@2x.png,43.79,59.29,87,22,SE,8.91,0,1013,100,1679421600,-18000
417,Oklahoma,Tulsa,2,Wed 3/22,Rain,light rain,http://openweathermap.org/img/wn/10d@2x.png,61.02,80.04,63,22,S,0.19,0,1012,99,1679508000,-18000
418,Oklahoma,Tulsa,3,Thu 3/23,Rain,moderate rain,http://openweathermap.org/img/wn/10d@2x.png,65.79,70.68,87,23,S,10.28,0,1010,100,1679594400,-18000
419,Oklahoma,Tulsa,4,Fri 3/24,Rain,light rain,http://openweathermap.org/img/wn/10d@2x.png,57.81,72.41,63,10,SW,2.63,0,1003,83,1679680800,-18000
420,Oklahoma,Tulsa,5,Sat 3/25,Rain,light rain,http://openweathermap.org/img/wn/10d@2x.png,48.15,62.55,53,9,NW,2.41,0,1011,7,1679767200,-18000
421,Puerto Rico,San Juan,1,Tue 3/21,Rain,light rain,http://openweathermap.org/img/wn/10d@2x.png,73.49,82.02,66,17,NE,0.12,0,1021,7,1679414400,-14400
422,Puerto Rico,San Juan,2,Wed 3/22,Rain,moderate rain,http://openweathermap.org/img/wn/10d@2x.png,72.77,78.21,76,18,NE,15.24,0,1020,14,1679500800,-14400
423,Puerto Rico,San Juan,3,Thu 3/23,Clear,sky is clear,http://openweathermap.org/img/wn/01d@2x.png,71.53,79.29,54,13,NE,0,0,1019,0,1679587200,-14400
424,Puerto Rico,San Juan,4,Fri 3/24,Rain,light rain,http://openweathermap.org/img/wn/10d@2x.png,72.55,79.88,59,13,NE,0.6,0,1018,2,1679673600,-14400
425,Puerto Rico,San Juan,5,Sat 3/25,Rain,light rain,http://openweathermap.org/img/wn/10d@2x.png,73.67,81.19,66,16,NE,0.1,0,1018,68,1679760000,-14400
426,Tennessee,Memphis,1,Tue 3/21,Rain,light rain,http://openweathermap.org/img/wn/10d@2x.png,38.01,49.3,63,11,SE,1.48,0,1025,100,1679421600,-18000
427,Tennessee,Memphis,2,Wed 3/22,Rain,light rain,http://openweathermap.org/img/wn/10d@2x.png,51.66,67.48,88,15,S,3.7,0,1020,100,1679508000,-18000
428,Tennessee,Memphis,3,Thu 3/23,Clouds,scattered clouds,http://openweathermap.org/img/wn/03d@2x.png,61.03,77.05,67,17,S,0,0,1017,45,1679594400,-18000
429,Tennessee,Memphis,4,Fri 3/24,Rain,heavy intensity rain,http://openweathermap.org/img/wn/10d@2x.png,63.97,71.83,84,18,S,35.73,0,1007,100,1679680800,-18000
430,Tennessee,Memphis,5,Sat 3/25,Rain,light rain,http://openweathermap.org/img/wn/10d@2x.png,55.38,64.49,67,14,SW,0.14,0,1010,37,1679767200,-18000
431,Tennessee,Morristown/Knoxville,1,Tue 3/21,Clouds,overcast clouds,http://openweathermap.org/img/wn/04d@2x.png,28.36,56.01,41,4,NE,0,0,1029,90,1679418000,-14400
432,Tennessee,Morristown/Knoxville,2,Wed 3/22,Rain,moderate rain,http://openweathermap.org/img/wn/10d@2x.png,39.33,48.63,95,4,E,11.66,0,1028,100,1679504400,-14400
433,Tennessee,Morristown/Knoxville,3,Thu 3/23,Clouds,overcast clouds,http://openweathermap.org/img/wn/04d@2x.png,46.2,72.55,68,15,SW,0,0,1020,88,1679590800,-14400
434,Tennessee,Morristown/Knoxville,4,Fri 3/24,Clouds,overcast clouds,http://openweathermap.org/img/wn/04d@2x.png,53.04,68.81,76,17,SW,0,0,1011,99,1679677200,-14400
435,Tennessee,Morristown/Knoxville,5,Sat 3/25,Rain,moderate rain,http://openweathermap.org/img/wn/10d@2x.png,49.42,66.45,60,22,SW,10,0,1005,6,1679763600,-14400
436,Tennessee,Nashville,1,Tue 3/21,Rain,moderate rain,http://openweathermap.org/img/wn/10d@2x.png,32.74,55.53,38,12,S,4.43,0,1027,100,1679418000,-18000
437,Tennessee,Nashville,2,Wed 3/22,Rain,moderate rain,http://openweathermap.org/img/wn/10d@2x.png,46.15,56.35,90,12,SE,12.25,0,1024,100,1679504400,-18000
438,Tennessee,Nashville,3,Thu 3/23,Clouds,broken clouds,http://openweathermap.org/img/wn/04d@2x.png,55.72,76.19,64,15,S,0,0,1018,73,1679590800,-18000
439,Tennessee,Nashville,4,Fri 3/24,Rain,light rain,http://openweathermap.org/img/wn/10d@2x.png,63.34,69.48,90,16,S,6.28,0,1009,100,1679677200,-18000
440,Tennessee,Nashville,5,Sat 3/25,Rain,heavy intensity rain,http://openweathermap.org/img/wn/10d@2x.png,52.54,65.39,55,16,W,16.07,0,1007,42,1679763600,-18000
441,Texas,Amarillo,1,Tue 3/21,Clouds,broken clouds,http://openweathermap.org/img/wn/04d@2x.png,47.7,69.58,25,26,SW,0,0,1006,60,1679421600,-18000
442,Texas,Amarillo,2,Wed 3/22,Clouds,overcast clouds,http://openweathermap.org/img/wn/04d@2x.png,55.9,78.06,25,27,SW,0,0,1009,100,1679508000,-18000
443,Texas,Amarillo,3,Thu 3/23,Clouds,broken clouds,http://openweathermap.org/img/wn/04d@2x.png,51.58,68.7,34,20,SW,0,0,1009,76,1679594400,-18000
444,Texas,Amarillo,4,Fri 3/24,Clear,sky is clear,http://openweathermap.org/img/wn/01d@2x.png,43.66,61.32,33,15,W,0,0,1006,0,1679680800,-18000
445,Texas,Amarillo,5,Sat 3/25,Clear,sky is clear,http://openweathermap.org/img/wn/01d@2x.png,36.68,61.21,28,18,W,0,0,1012,5,1679767200,-18000
446,Texas,Austin/San Antonio,1,Tue 3/21,Rain,light rain,http://openweathermap.org/img/wn/10d@2x.png,52.72,71.71,94,18,SE,1.04,0,1017,100,1679421600,-18000
447,Texas,Austin/San Antonio,2,Wed 3/22,Rain,light rain,http://openweathermap.org/img/wn/10d@2x.png,66.29,75.74,77,16,SE,0.12,0,1017,100,1679508000,-18000
448,Texas,Austin/San Antonio,3,Thu 3/23,Rain,light rain,http://openweathermap.org/img/wn/10d@2x.png,66.18,85.53,56,24,SE,0.46,0,1013,57,1679594400,-18000
449,Texas,Austin/San Antonio,4,Fri 3/24,Rain,light rain,http://openweathermap.org/img/wn/10d@2x.png,64.9,82.78,65,16,W,4.27,0,1009,98,1679680800,-18000
450,Texas,Austin/San Antonio,5,Sat 3/25,Clear,sky is clear,http://openweathermap.org/img/wn/01d@2x.png,54.88,79.63,17,16,W,0,0,1014,0,1679767200,-18000
451,Texas,Brownsville,1,Tue 3/21,Rain,light rain,http://openweathermap.org/img/wn/10d@2x.png,66.7,76.03,76,21,SE,1.29,0,1017,99,1679421600,-18000
452,Texas,Brownsville,2,Wed 3/22,Clouds,broken clouds,http://openweathermap.org/img/wn/04d@2x.png,70.81,82.47,65,23,SE,0,0,1018,65,1679508000,-18000
453,Texas,Brownsville,3,Thu 3/23,Clouds,overcast clouds,http://openweathermap.org/img/wn/04d@2x.png,72.99,85.39,58,27,SE,0,0,1013,85,1679594400,-18000
454,Texas,Brownsville,4,Fri 3/24,Clouds,broken clouds,http://openweathermap.org/img/wn/04d@2x.png,73.36,94.75,50,25,S,0,0,1008,55,1679680800,-18000
455,Texas,Brownsville,5,Sat 3/25,Clouds,scattered clouds,http://openweathermap.org/img/wn/03d@2x.png,71.02,84.72,34,16,E,0,0,1013,30,1679767200,-18000
456,Texas,Corpus Christi,1,Tue 3/21,Rain,light rain,http://openweathermap.org/img/wn/10d@2x.png,63.23,74.88,80,23,SE,0.56,0,1017,100,1679421600,-18000
457,Texas,Corpus Christi,2,Wed 3/22,Clouds,overcast clouds,http://openweathermap.org/img/wn/04d@2x.png,69.39,78.64,68,23,SE,0,0,1018,94,1679508000,-18000
458,Texas,Corpus Christi,3,Thu 3/23,Clouds,broken clouds,http://openweathermap.org/img/wn/04d@2x.png,70.75,82.89,66,26,SE,0,0,1014,59,1679594400,-18000
459,Texas,Corpus Christi,4,Fri 3/24,Rain,light rain,http://openweathermap.org/img/wn/10d@2x.png,72.03,87.04,67,21,SE,0.24,0,1008,100,1679680800,-18000
460,Texas,Corpus Christi,5,Sat 3/25,Clouds,few clouds,http://openweathermap.org/img/wn/02d@2x.png,62.69,83.19,14,12,E,0,0,1014,13,1679767200,-18000
461,Texas,El Paso,1,Tue 3/21,Clouds,overcast clouds,http://openweathermap.org/img/wn/04d@2x.png,51.73,71.24,36,28,SW,0,0,1011,98,1679425200,-21600
462,Texas,El Paso,2,Wed 3/22,Clouds,overcast clouds,http://openweathermap.org/img/wn/04d@2x.png,53.92,73.42,26,28,SW,0,0,1013,100,1679511600,-21600
463,Texas,El Paso,3,Thu 3/23,Rain,light rain,http://openweathermap.org/img/wn/10d@2x.png,51.87,63.09,54,26,SW,0.19,0,1016,82,1679598000,-21600
464,Texas,El Paso,4,Fri 3/24,Clouds,few clouds,http://openweathermap.org/img/wn/02d@2x.png,43.29,58.73,28,27,W,0,0,1016,11,1679684400,-21600
465,Texas,El Paso,5,Sat 3/25,Clouds,broken clouds,http://openweathermap.org/img/wn/04d@2x.png,44.01,66.65,21,23,SW,0,0,1013,58,1679770800,-21600
466,Texas,Fort Worth-Dallas,1,Tue 3/21,Clouds,overcast clouds,http://openweathermap.org/img/wn/04d@2x.png,50.25,70.39,85,20,S,0,0,1015,100,1679421600,-18000
467,Texas,Fort Worth-Dallas,2,Wed 3/22,Clouds,overcast clouds,http://openweathermap.org/img/wn/04d@2x.png,64.58,76.69,72,19,S,0,0,1016,100,1679508000,-18000
468,Texas,Fort Worth-Dallas,3,Thu 3/23,Rain,light rain,http://openweathermap.org/img/wn/10d@2x.png,66.78,77.05,77,21,S,0.38,0,1013,100,1679594400,-18000
469,Texas,Fort Worth-Dallas,4,Fri 3/24,Rain,light rain,http://openweathermap.org/img/wn/10d@2x.png,65.88,78.51,29,19,SW,4.75,0,1005,70,1679680800,-18000
470,Texas,Fort Worth-Dallas,5,Sat 3/25,Clear,sky is clear,http://openweathermap.org/img/wn/01d@2x.png,54.25,74.08,23,11,SW,0,0,1012,2,1679767200,-18000
471,Texas,Houston/Galveston,1,Tue 3/21,Rain,light rain,http://openweathermap.org/img/wn/10d@2x.png,57.74,70,78,19,SE,0.94,0,1020,99,1679421600,-18000
472,Texas,Houston/Galveston,2,Wed 3/22,Clouds,overcast clouds,http://openweathermap.org/img/wn/04d@2x.png,67.46,72.91,79,15,SE,0,0,1021,89,1679508000,-18000
473,Texas,Houston/Galveston,3,Thu 3/23,Clouds,broken clouds,http://openweathermap.org/img/wn/04d@2x.png,66.58,75.47,79,16,SE,0,0,1017,54,1679594400,-18000
474,Texas,Houston/Galveston,4,Fri 3/24,Rain,moderate rain,http://openweathermap.org/img/wn/10d@2x.png,65.82,76.06,79,19,S,5.24,0,1008,82,1679680800,-18000
475,Texas,Houston/Galveston,5,Sat 3/25,Clear,sky is clear,http://openweathermap.org/img/wn/01d@2x.png,59.22,79.38,28,9,W,0,0,1014,1,1679767200,-18000
476,Texas,Lubbock,1,Tue 3/21,Clouds,broken clouds,http://openweathermap.org/img/wn/04d@2x.png,44.47,75.02,33,28,SW,0,0,1009,63,1679421600,-18000
477,Texas,Lubbock,2,Wed 3/22,Clouds,broken clouds,http://openweathermap.org/img/wn/04d@2x.png,58.19,80.49,22,24,SW,0,0,1011,59,1679508000,-18000
478,Texas,Lubbock,3,Thu 3/23,Clouds,scattered clouds,http://openweathermap.org/img/wn/03d@2x.png,56.8,77.56,20,26,SW,0,0,1008,34,1679594400,-18000
479,Texas,Lubbock,4,Fri 3/24,Clear,sky is clear,http://openweathermap.org/img/wn/01d@2x.png,45.21,64.47,16,27,W,0,0,1006,0,1679680800,-18000
480,Texas,Lubbock,5,Sat 3/25,Clouds,scattered clouds,http://openweathermap.org/img/wn/03d@2x.png,45.72,65.44,16,21,W,0,0,1012,26,1679767200,-18000
481,Texas,Midland/Odessa,1,Tue 3/21,Clouds,broken clouds,http://openweathermap.org/img/wn/04d@2x.png,45.77,79.21,31,23,S,0,0,1011,75,1679421600,-18000
482,Texas,Midland/Odessa,2,Wed 3/22,Rain,light rain,http://openweathermap.org/img/wn/10d@2x.png,56.5,86.76,36,23,SE,0.28,0,1013,70,1679508000,-18000
483,Texas,Midland/Odessa,3,Thu 3/23,Rain,light rain,http://openweathermap.org/img/wn/10d@2x.png,60.12,82.4,21,22,SW,0.33,0,1009,29,1679594400,-18000
484,Texas,Midland/Odessa,4,Fri 3/24,Clear,sky is clear,http://openweathermap.org/img/wn/01d@2x.png,51.96,67.57,15,34,SW,0,0,1009,0,1679680800,-18000
485,Texas,Midland/Odessa,5,Sat 3/25,Clouds,scattered clouds,http://openweathermap.org/img/wn/03d@2x.png,48.22,69.3,14,16,SW,0,0,1013,33,1679767200,-18000
486,Texas,San Angelo,1,Tue 3/21,Clouds,broken clouds,http://openweathermap.org/img/wn/04d@2x.png,48.96,78.82,43,22,S,0,0,1013,83,1679421600,-18000
487,Texas,San Angelo,2,Wed 3/22,Clouds,overcast clouds,http://openweathermap.org/img/wn/04d@2x.png,61.59,85.95,48,22,S,0,0,1014,100,1679508000,-18000
488,Texas,San Angelo,3,Thu 3/23,Rain,light rain,http://openweathermap.org/img/wn/10d@2x.png,65.48,79.12,72,20,S,1.07,0,1011,99,1679594400,-18000
489,Texas,San Angelo,4,Fri 3/24,Clear,sky is clear,http://openweathermap.org/img/wn/01d@2x.png,59.81,72.86,14,33,SW,0,0,1009,0,1679680800,-18000
490,Texas,San Angelo,5,Sat 3/25,Clouds,scattered clouds,http://openweathermap.org/img/wn/03d@2x.png,51.98,75.33,12,16,W,0,0,1012,25,1679767200,-18000
491,Arizona,Flagstaff,1,Tue 3/21,Snow,rain and snow,http://openweathermap.org/img/wn/13d@2x.png,32.23,35.38,99,20,S,34.04,6.9,1009,100,1679425200,-25200
492,Arizona,Flagstaff,2,Wed 3/22,Snow,rain and snow,http://openweathermap.org/img/wn/13d@2x.png,19.58,35.35,96,29,S,15.57,12.04,1015,92,1679511600,-25200
493,Arizona,Flagstaff,3,Thu 3/23,Snow,light snow,http://openweathermap.org/img/wn/13d@2x.png,20.71,32.92,91,12,SW,0,3.83,1019,95,1679598000,-25200
494,Arizona,Flagstaff,4,Fri 3/24,Snow,light snow,http://openweathermap.org/img/wn/13d@2x.png,16.95,35.01,76,14,W,0,0.61,1020,60,1679684400,-25200
495,Arizona,Flagstaff,5,Sat 3/25,Snow,snow,http://openweathermap.org/img/wn/13d@2x.png,16.84,33.3,78,12,SW,0,8.35,1014,74,1679770800,-25200
496,Arizona,Phoenix,1,Tue 3/21,Rain,light rain,http://openweathermap.org/img/wn/10d@2x.png,61.02,65.14,55,16,S,0.96,0,1012,100,1679425200,-25200
497,Arizona,Phoenix,2,Wed 3/22,Rain,light rain,http://openweathermap.org/img/wn/10d@2x.png,52.61,62.8,49,21,S,3.6,0,1017,99,1679511600,-25200
498,Arizona,Phoenix,3,Thu 3/23,Clear,sky is clear,http://openweathermap.org/img/wn/01d@2x.png,50.23,65.03,36,14,SW,0,0,1019,5,1679598000,-25200
499,Arizona,Phoenix,4,Fri 3/24,Clouds,few clouds,http://openweathermap.org/img/wn/02d@2x.png,54.25,67.87,32,11,SW,0,0,1020,19,1679684400,-25200
500,Arizona,Phoenix,5,Sat 3/25,Clouds,few clouds,http://openweathermap.org/img/wn/02d@2x.png,55.65,68,24,16,SW,0,0,1013,14,1679770800,-25200
501,Arizona,Tucson,1,Tue 3/21,Clouds,overcast clouds,http://openweathermap.org/img/wn/04d@2x.png,58.89,70.03,37,26,S,0,0,1011,100,1679425200,-25200
502,Arizona,Tucson,2,Wed 3/22,Rain,moderate rain,http://openweathermap.org/img/wn/10d@2x.png,51.19,62.85,62,21,SW,2.59,0,1015,100,1679511600,-25200
503,Arizona,Tucson,3,Thu 3/23,Clear,sky is clear,http://openweathermap.org/img/wn/01d@2x.png,48.31,61.43,38,14,W,0,0,1019,9,1679598000,-25200
504,Arizona,Tucson,4,Fri 3/24,Clouds,few clouds,http://openweathermap.org/img/wn/02d@2x.png,49.66,62.06,37,11,W,0,0,1020,21,1679684400,-25200
505,Arizona,Tucson,5,Sat 3/25,Clouds,broken clouds,http://openweathermap.org/img/wn/04d@2x.png,52.9,67.24,20,20,SW,0,0,1013,55,1679770800,-25200
506,California,Eureka,1,Tue 3/21,Clouds,overcast clouds,http://openweathermap.org/img/wn/04d@2x.png,39.07,53.91,57,11,NW,0,0,996,100,1679428800,-25200
507,California,Eureka,2,Wed 3/22,Rain,light rain,http://openweathermap.org/img/wn/10d@2x.png,44.78,48.45,94,12,NW,3.1,0,1014,100,1679515200,-25200
508,California,Eureka,3,Thu 3/23,Rain,moderate rain,http://openweathermap.org/img/wn/10d@2x.png,41.34,47.25,94,15,W,8.89,0,1026,100,1679601600,-25200
509,California,Eureka,4,Fri 3/24,Rain,light rain,http://openweathermap.org/img/wn/10d@2x.png,40.39,46.44,81,9,NW,5.6,0,1032,100,1679688000,-25200
510,California,Eureka,5,Sat 3/25,Rain,light rain,http://openweathermap.org/img/wn/10d@2x.png,39.51,43.75,86,12,NW,7.41,0,1029,100,1679774400,-25200
511,California,Los Angeles/Oxnard,1,Tue 3/21,Rain,moderate rain,http://openweathermap.org/img/wn/10d@2x.png,48.9,56.03,70,25,S,32.28,0,1006,96,1679428800,-25200
512,California,Los Angeles/Oxnard,2,Wed 3/22,Rain,moderate rain,http://openweathermap.org/img/wn/10d@2x.png,49.75,54.79,78,17,SW,12.16,0,1015,98,1679515200,-25200
513,California,Los Angeles/Oxnard,3,Thu 3/23,Clear,sky is clear,http://openweathermap.org/img/wn/01d@2x.png,49.08,61.84,63,15,SW,0,0,1023,2,1679601600,-25200
514,California,Los Angeles/Oxnard,4,Fri 3/24,Clouds,few clouds,http://openweathermap.org/img/wn/02d@2x.png,49.98,59.95,54,11,SW,0,0,1022,24,1679688000,-25200
515,California,Los Angeles/Oxnard,5,Sat 3/25,Clear,sky is clear,http://openweathermap.org/img/wn/01d@2x.png,47.84,61.34,38,15,W,0,0,1017,0,1679774400,-25200
516,California,Sacramento,1,Tue 3/21,Rain,heavy intensity rain,http://openweathermap.org/img/wn/10d@2x.png,45.03,51.82,94,14,E,12.99,0,998,100,1679428800,-25200
517,California,Sacramento,2,Wed 3/22,Rain,light rain,http://openweathermap.org/img/wn/10d@2x.png,43.16,54.12,70,8,SE,0.33,0,1014,96,1679515200,-25200
518,California,Sacramento,3,Thu 3/23,Rain,light rain,http://openweathermap.org/img/wn/10d@2x.png,42.28,56.82,72,8,S,1.46,0,1025,80,1679601600,-25200
519,California,Sacramento,4,Fri 3/24,Clouds,broken clouds,http://openweathermap.org/img/wn/04d@2x.png,38.26,53.87,48,11,NW,0,0,1028,74,1679688000,-25200
520,California,Sacramento,5,Sat 3/25,Rain,light rain,http://openweathermap.org/img/wn/10d@2x.png,36.14,54.07,38,12,NW,0.77,0,1024,0,1679774400,-25200
521,California,San Diego,1,Tue 3/21,Rain,heavy intensity rain,http://openweathermap.org/img/wn/10d@2x.png,50.65,55.78,91,22,SE,33.18,0,1010,100,1679425200,-25200
522,California,San Diego,2,Wed 3/22,Rain,moderate rain,http://openweathermap.org/img/wn/10d@2x.png,48.67,57.58,59,20,SW,14.85,0,1017,20,1679511600,-25200
523,California,San Diego,3,Thu 3/23,Rain,light rain,http://openweathermap.org/img/wn/10d@2x.png,48.36,55.87,75,13,SW,3.65,0,1023,99,1679598000,-25200
524,California,San Diego,4,Fri 3/24,Clear,sky is clear,http://openweathermap.org/img/wn/01d@2x.png,49.24,60.62,54,11,SW,0,0,1024,2,1679684400,-25200
525,California,San Diego,5,Sat 3/25,Clouds,overcast clouds,http://openweathermap.org/img/wn/04d@2x.png,48.92,59.88,54,14,W,0,0,1018,86,1679770800,-25200
526,California,San Francisco Bay Area/Monterey,1,Tue 3/21,Rain,heavy intensity rain,http://openweathermap.org/img/wn/10d@2x.png,46.62,51.93,83,30,SE,23.01,0,995,82,1679428800,-25200
527,California,San Francisco Bay Area/Monterey,2,Wed 3/22,Rain,moderate rain,http://openweathermap.org/img/wn/10d@2x.png,46.98,52.61,78,19,SE,16.27,0,1013,78,1679515200,-25200
528,California,San Francisco Bay Area/Monterey,3,Thu 3/23,Rain,light rain,http://openweathermap.org/img/wn/10d@2x.png,48.34,52.54,69,17,NW,0.61,0,1027,48,1679601600,-25200
529,California,San Francisco Bay Area/Monterey,4,Fri 3/24,Clouds,scattered clouds,http://openweathermap.org/img/wn/03d@2x.png,43.88,51.8,57,20,W,0,0,1029,47,1679688000,-25200
530,California,San Francisco Bay Area/Monterey,5,Sat 3/25,Clear,sky is clear,http://openweathermap.org/img/wn/01d@2x.png,43.79,52.38,52,22,NW,0,0,1025,1,1679774400,-25200
531,California,San Joaquin Valley/Hanford,1,Tue 3/21,Rain,moderate rain,http://openweathermap.org/img/wn/10d@2x.png,45.64,57.9,59,24,S,28.25,0,1002,49,1679428800,-25200
532,California,San Joaquin Valley/Hanford,2,Wed 3/22,Rain,moderate rain,http://openweathermap.org/img/wn/10d@2x.png,43.88,50.95,89,13,E,5.48,0,1013,100,1679515200,-25200
533,California,San Joaquin Valley/Hanford,3,Thu 3/23,Clouds,scattered clouds,http://openweathermap.org/img/wn/03d@2x.png,46.4,58.62,57,13,NW,0,0,1025,35,1679601600,-25200
534,California,San Joaquin Valley/Hanford,4,Fri 3/24,Clouds,broken clouds,http://openweathermap.org/img/wn/04d@2x.png,41.74,55.38,54,13,NW,0,0,1027,68,1679688000,-25200
535,California,San Joaquin Valley/Hanford,5,Sat 3/25,Clear,sky is clear,http://openweathermap.org/img/wn/01d@2x.png,39.33,54.46,44,17,NW,0,0,1022,2,1679774400,-25200
536,Idaho,Boise,1,Tue 3/21,Snow,rain and snow,http://openweathermap.org/img/wn/13d@2x.png,33.26,47.34,66,6,W,0.37,0.24,1007,80,1679425200,-21600
537,Idaho,Boise,2,Wed 3/22,Clouds,overcast clouds,http://openweathermap.org/img/wn/04d@2x.png,34.66,48.31,76,10,NW,0,0,1006,100,1679511600,-21600
538,Idaho,Boise,3,Thu 3/23,Rain,light rain,http://openweathermap.org/img/wn/10d@2x.png,36.75,48.58,57,16,W,0.74,0,1014,100,1679598000,-21600
539,Idaho,Boise,4,Fri 3/24,Snow,snow,http://openweathermap.org/img/wn/13d@2x.png,27.59,38.05,53,19,W,0,4.97,1023,94,1679684400,-21600
540,Idaho,Boise,5,Sat 3/25,Snow,light snow,http://openweathermap.org/img/wn/13d@2x.png,28.51,37.89,57,6,NW,0,3.18,1021,100,1679770800,-21600
541,Idaho,Pocatello,1,Tue 3/21,Snow,light snow,http://openweathermap.org/img/wn/13d@2x.png,24.76,35.19,86,9,SE,0,1.65,1010,79,1679425200,-21600
542,Idaho,Pocatello,2,Wed 3/22,Snow,snow,http://openweathermap.org/img/wn/13d@2x.png,28.53,36.75,87,6,N,0,3.76,1002,100,1679511600,-21600
543,Idaho,Pocatello,3,Thu 3/23,Snow,snow,http://openweathermap.org/img/wn/13d@2x.png,30.27,38.89,77,13,SW,0,7.32,1014,100,1679598000,-21600
544,Idaho,Pocatello,4,Fri 3/24,Snow,light snow,http://openweathermap.org/img/wn/13d@2x.png,22.5,30.38,62,26,SW,0,1.83,1020,79,1679684400,-21600
545,Idaho,Pocatello,5,Sat 3/25,Snow,light snow,http://openweathermap.org/img/wn/13d@2x.png,18.79,27.9,57,14,SW,0,3.07,1020,96,1679770800,-21600
546,Montana,Billings,1,Tue 3/21,Snow,light snow,http://openweathermap.org/img/wn/13d@2x.png,25.16,38.28,64,9,N,0,2.73,1012,100,1679425200,-21600
547,Montana,Billings,2,Wed 3/22,Clouds,broken clouds,http://openweathermap.org/img/wn/04d@2x.png,27.25,41.7,51,14,E,0,0,1009,60,1679511600,-21600
548,Montana,Billings,3,Thu 3/23,Clouds,overcast clouds,http://openweathermap.org/img/wn/04d@2x.png,29.14,51.22,43,12,SW,0,0,1007,97,1679598000,-21600
549,Montana,Billings,4,Fri 3/24,Snow,rain and snow,http://openweathermap.org/img/wn/13d@2x.png,34.41,48.87,41,22,W,0.22,4.25,1005,97,1679684400,-21600
550,Montana,Billings,5,Sat 3/25,Snow,light snow,http://openweathermap.org/img/wn/13d@2x.png,30.69,38.77,39,18,W,0,1.22,1014,100,1679770800,-21600
551,Montana,Glasgow,1,Tue 3/21,Snow,light snow,http://openweathermap.org/img/wn/13d@2x.png,2.75,21.09,88,7,W,0,0.13,1016,95,1679425200,-21600
552,Montana,Glasgow,2,Wed 3/22,Clouds,scattered clouds,http://openweathermap.org/img/wn/03d@2x.png,-1.32,24.66,89,6,NE,0,0,1017,38,1679511600,-21600
553,Montana,Glasgow,3,Thu 3/23,Clouds,overcast clouds,http://openweathermap.org/img/wn/04d@2x.png,3.58,33.04,92,13,E,0,0,1012,100,1679598000,-21600
554,Montana,Glasgow,4,Fri 3/24,Clouds,broken clouds,http://openweathermap.org/img/wn/04d@2x.png,11.64,30.18,89,10,N,0,0,1009,76,1679684400,-21600
555,Montana,Glasgow,5,Sat 3/25,Clouds,overcast clouds,http://openweathermap.org/img/wn/04d@2x.png,18.54,29.88,87,8,N,0,0,1018,99,1679770800,-21600
556,Montana,Great Falls,1,Tue 3/21,Snow,light snow,http://openweathermap.org/img/wn/13d@2x.png,21.78,36.91,53,4,N,0,0.52,1013,3,1679425200,-21600
557,Montana,Great Falls,2,Wed 3/22,Clear,sky is clear,http://openweathermap.org/img/wn/01d@2x.png,26.85,41.81,38,5,NE,0,0,1009,0,1679511600,-21600
558,Montana,Great Falls,3,Thu 3/23,Clouds,scattered clouds,http://openweathermap.org/img/wn/03d@2x.png,30.25,47.68,41,21,SW,0,0,1005,33,1679598000,-21600
559,Montana,Great Falls,4,Fri 3/24,Clear,sky is clear,http://openweathermap.org/img/wn/01d@2x.png,32.09,41.86,40,18,SW,0,0,1009,7,1679684400,-21600
560,Montana,Great Falls,5,Sat 3/25,Clouds,overcast clouds,http://openweathermap.org/img/wn/04d@2x.png,30.49,38.16,33,10,SW,0,0,1015,100,1679770800,-21600
561,Montana,Missoula,1,Tue 3/21,Snow,light snow,http://openweathermap.org/img/wn/13d@2x.png,21.42,36.5,91,4,NE,0,0.23,1011,75,1679425200,-21600
562,Montana,Missoula,2,Wed 3/22,Clouds,scattered clouds,http://openweathermap.org/img/wn/03d@2x.png,15.49,38.91,83,3,NE,0,0,1008,30,1679511600,-21600
563,Montana,Missoula,3,Thu 3/23,Snow,light snow,http://openweathermap.org/img/wn/13d@2x.png,21.45,39.58,80,9,SW,0,0.69,1010,97,1679598000,-21600
564,Montana,Missoula,4,Fri 3/24,Snow,light snow,http://openweathermap.org/img/wn/13d@2x.png,22.51,31.46,67,12,W,0,2.35,1016,100,1679684400,-21600
565,Montana,Missoula,5,Sat 3/25,Snow,light snow,http://openweathermap.org/img/wn/13d@2x.png,18.09,33.87,64,4,NW,0,0.44,1019,78,1679770800,-21600
566,Nevada,Elko,1,Tue 3/21,Snow,light snow,http://openweathermap.org/img/wn/13d@2x.png,19.87,35.82,62,9,E,0,1.6,1006,100,1679425200,-25200
567,Nevada,Elko,2,Wed 3/22,Snow,light snow,http://openweathermap.org/img/wn/13d@2x.png,24.26,36.39,84,17,W,0,2.15,1005,100,1679511600,-25200
568,Nevada,Elko,3,Thu 3/23,Snow,snow,http://openweathermap.org/img/wn/13d@2x.png,26.62,38.61,69,14,SW,0,3.71,1016,99,1679598000,-25200
569,Nevada,Elko,4,Fri 3/24,Snow,light snow,http://openweathermap.org/img/wn/13d@2x.png,22.21,30.4,47,18,W,0,2.32,1027,60,1679684400,-25200
570,Nevada,Elko,5,Sat 3/25,Snow,light snow,http://openweathermap.org/img/wn/13d@2x.png,20.7,27.27,52,12,NW,0,1.59,1022,69,1679770800,-25200
571,Nevada,Las Vegas,1,Tue 3/21,Rain,moderate rain,http://openweathermap.org/img/wn/10d@2x.png,46.29,54.99,67,16,S,11.09,0,1005,100,1679425200,-25200
572,Nevada,Las Vegas,2,Wed 3/22,Rain,moderate rain,http://openweathermap.org/img/wn/10d@2x.png,42.31,54.81,36,28,S,1.94,0,1011,7,1679511600,-25200
573,Nevada,Las Vegas,3,Thu 3/23,Clouds,broken clouds,http://openweathermap.org/img/wn/04d@2x.png,43.95,54.72,47,17,S,0,0,1018,73,1679598000,-25200
574,Nevada,Las Vegas,4,Fri 3/24,Clear,sky is clear,http://openweathermap.org/img/wn/01d@2x.png,45.75,59.05,35,9,N,0,0,1020,4,1679684400,-25200
575,Nevada,Las Vegas,5,Sat 3/25,Clouds,broken clouds,http://openweathermap.org/img/wn/04d@2x.png,46.99,55.76,30,11,NW,0,0,1015,67,1679770800,-25200
576,Nevada,Reno,1,Tue 3/21,Snow,snow,http://openweathermap.org/img/wn/13d@2x.png,30.81,39.52,53,13,E,0,3.67,998,100,1679428800,-25200
577,Nevada,Reno,2,Wed 3/22,Rain,light rain,http://openweathermap.org/img/wn/10d@2x.png,31.84,44.28,52,11,W,0.2,0,1009,100,1679515200,-25200
578,Nevada,Reno,3,Thu 3/23,Clouds,overcast clouds,http://openweathermap.org/img/wn/04d@2x.png,32.83,43.39,41,19,SW,0,0,1018,86,1679601600,-25200
579,Nevada,Reno,4,Fri 3/24,Snow,light snow,http://openweathermap.org/img/wn/13d@2x.png,28.09,39.78,33,17,W,0,0.45,1023,96,1679688000,-25200
580,Nevada,Reno,5,Sat 3/25,Snow,light snow,http://openweathermap.org/img/wn/13d@2x.png,26.92,35.17,35,16,NW,0,3.28,1020,98,1679774400,-25200
581,Oregon,Medford,1,Tue 3/21,Clouds,scattered clouds,http://openweathermap.org/img/wn/03d@2x.png,29.91,58.28,33,8,NE,0,0,998,41,1679428800,-25200
582,Oregon,Medford,2,Wed 3/22,Rain,light rain,http://openweathermap.org/img/wn/10d@2x.png,35.67,52.61,57,10,W,6.3,0,1009,100,1679515200,-25200
583,Oregon,Medford,3,Thu 3/23,Snow,rain and snow,http://openweathermap.org/img/wn/13d@2x.png,31.51,47.64,73,11,W,2.58,5.05,1019,100,1679601600,-25200
584,Oregon,Medford,4,Fri 3/24,Snow,snow,http://openweathermap.org/img/wn/13d@2x.png,30.22,40.66,74,12,W,0,6.44,1029,100,1679688000,-25200
585,Oregon,Medford,5,Sat 3/25,Snow,snow,http://openweathermap.org/img/wn/13d@2x.png,29.7,39.18,73,8,W,0,7.31,1025,100,1679774400,-25200
586,Oregon,Pendleton,1,Tue 3/21,Rain,light rain,http://openweathermap.org/img/wn/10d@2x.png,40.48,48.34,78,8,SW,3.15,0,1008,96,1679428800,-25200
587,Oregon,Pendleton,2,Wed 3/22,Clouds,broken clouds,http://openweathermap.org/img/wn/04d@2x.png,36.39,52,60,8,SE,0,0,1008,52,1679515200,-25200
588,Oregon,Pendleton,3,Thu 3/23,Snow,rain and snow,http://openweathermap.org/img/wn/13d@2x.png,36.34,50.58,43,23,SW,1.78,0.28,1012,100,1679601600,-25200
589,Oregon,Pendleton,4,Fri 3/24,Snow,rain and snow,http://openweathermap.org/img/wn/13d@2x.png,34.32,44.42,41,22,SW,0.85,0.33,1019,98,1679688000,-25200
590,Oregon,Pendleton,5,Sat 3/25,Snow,light snow,http://openweathermap.org/img/wn/13d@2x.png,33.73,44.15,37,19,SW,0,1.08,1018,100,1679774400,-25200
591,Oregon,Portland,1,Tue 3/21,Clear,sky is clear,http://openweathermap.org/img/wn/01d@2x.png,39.99,59.72,49,11,NE,0,0,1005,8,1679428800,-25200
592,Oregon,Portland,2,Wed 3/22,Rain,moderate rain,http://openweathermap.org/img/wn/10d@2x.png,38.97,56.79,55,9,SW,5.79,0,1009,100,1679515200,-25200
593,Oregon,Portland,3,Thu 3/23,Rain,light rain,http://openweathermap.org/img/wn/10d@2x.png,37.51,45.01,93,15,S,9.14,0,1017,100,1679601600,-25200
594,Oregon,Portland,4,Fri 3/24,Snow,rain and snow,http://openweathermap.org/img/wn/13d@2x.png,36.05,43.75,73,10,W,8.53,2.61,1024,100,1679688000,-25200
595,Oregon,Portland,5,Sat 3/25,Snow,rain and snow,http://openweathermap.org/img/wn/13d@2x.png,34.63,43.7,86,6,S,4.73,5.93,1023,93,1679774400,-25200
596,Utah,Salt Lake City,1,Tue 3/21,Snow,rain and snow,http://openweathermap.org/img/wn/13d@2x.png,31.95,47.43,47,6,SE,1.31,0.1,1006,100,1679425200,-21600
597,Utah,Salt Lake City,2,Wed 3/22,Snow,rain and snow,http://openweathermap.org/img/wn/13d@2x.png,34.9,40.71,78,17,SE,8.6,8.44,1003,68,1679511600,-21600
598,Utah,Salt Lake City,3,Thu 3/23,Snow,rain and snow,http://openweathermap.org/img/wn/13d@2x.png,32.72,44.06,68,5,SE,1.43,1.88,1015,89,1679598000,-21600
599,Utah,Salt Lake City,4,Fri 3/24,Snow,snow,http://openweathermap.org/img/wn/13d@2x.png,29.39,36.7,54,20,W,0,8.14,1024,99,1679684400,-21600
600,Utah,Salt Lake City,5,Sat 3/25,Snow,light snow,http://openweathermap.org/img/wn/13d@2x.png,26.83,34.39,44,7,S,0,2.21,1020,61,1679770800,-21600
601,Washington,Seattle,1,Tue 3/21,Clouds,overcast clouds,http://openweathermap.org/img/wn/04d@2x.png,41.76,53.47,67,9,NW,0,0,1009,88,1679428800,-25200
602,Washington,Seattle,2,Wed 3/22,Rain,light rain,http://openweathermap.org/img/wn/10d@2x.png,37.2,57.83,55,6,SE,0.62,0,1008,8,1679515200,-25200
603,Washington,Seattle,3,Thu 3/23,Rain,light rain,http://openweathermap.org/img/wn/10d@2x.png,37.81,45.99,81,16,S,2.39,0,1011,100,1679601600,-25200
604,Washington,Seattle,4,Fri 3/24,Snow,rain and snow,http://openweathermap.org/img/wn/13d@2x.png,35.74,46.22,58,10,S,6.07,0.21,1019,100,1679688000,-25200
605,Washington,Seattle,5,Sat 3/25,Clouds,overcast clouds,http://openweathermap.org/img/wn/04d@2x.png,30.36,45.86,49,5,SE,0,0,1021,100,1679774400,-25200
606,Washington,Spokane,1,Tue 3/21,Clouds,overcast clouds,http://openweathermap.org/img/wn/04d@2x.png,31.71,49.66,67,8,N,0,0,1009,93,1679425200,-25200
607,Washington,Spokane,2,Wed 3/22,Clear,sky is clear,http://openweathermap.org/img/wn/01d@2x.png,30.38,50.65,43,7,S,0,0,1007,2,1679511600,-25200
608,Washington,Spokane,3,Thu 3/23,Rain,light rain,http://openweathermap.org/img/wn/10d@2x.png,34.21,45.39,74,15,S,0.95,0,1010,100,1679598000,-25200
609,Washington,Spokane,4,Fri 3/24,Snow,light snow,http://openweathermap.org/img/wn/13d@2x.png,30.45,41.16,51,15,SW,0,0.26,1017,100,1679684400,-25200
610,Washington,Spokane,5,Sat 3/25,Snow,light snow,http://openweathermap.org/img/wn/13d@2x.png,29.1,36.68,75,11,SE,0,0.63,1019,100,1679770800,-25200
