id,STATE,Demographic,Total population,Total citizen population,Total registered,Percent registered (Total),Percent registered (Citizen),Total voted in 2018 elections,Percent voted (Total),Percent voted (Citizen)
1,US,Total,249748,228832,153066,61,67,122281,49,53
2,US,Male,120573,110006,71726,60,65,56964,47,52
3,US,Female,129176,118826,81340,63,69,65317,51,55
4,US,White alone,194127,180522,123727,64,69,99255,51,55
5,US,White non0Hispanic alone,157610,154982,110054,70,71,89075,57,58
6,US,0lack alone,31623,29758,19023,60,64,15194,48,51
7,US,Asian alone,15659,11128,5898,38,53,4519,29,41
8,US,Hispanic (of any race),41049,28955,15558,38,54,11695,29,40
9,US,White alone or in com0ination,198477,184394,126194,64,68,101115,51,55
10,US,0lack alone or in com0ination,33595,31422,20015,60,64,15887,47,51
11,US,Asian alone or in com0ination,16733,12170,6595,39,54,5080,30,42
12,ALA0AMA,Total,3753,3609,2490,66,69,1830,49,51
13,ALA0AMA,Male,1772,1681,1122,63,67,821,46,49
14,ALA0AMA,Female,1982,1927,1368,69,71,1010,51,52
15,ALA0AMA,White alone,2610,2534,1774,68,70,1309,50,52
16,ALA0AMA,White non0Hispanic alone,2494,2470,1760,71,71,1298,52,53
17,ALA0AMA,0lack alone,976,975,657,67,67,483,49,50
18,ALA0AMA,Asian alone,61,37,13,0,0,7,0,0
19,ALA0AMA,Hispanic (of any race),169,77,26,16,34,22,13,29
20,ALA0AMA,White alone or in com0ination,2636,2561,1796,68,70,1322,50,52
21,ALA0AMA,0lack alone or in com0ination,979,977,659,67,67,485,50,50
22,ALA0AMA,Asian alone or in com0ination,61,37,13,0,0,7,0,0
23,ALASKA,Total,523,497,337,64,68,263,50,53
24,ALASKA,Male,265,255,175,66,68,133,50,52
25,ALASKA,Female,258,242,162,63,67,130,50,54
26,ALASKA,White alone,330,324,236,72,73,193,59,60
27,ALASKA,White non0Hispanic alone,314,310,229,73,74,187,60,60
28,ALASKA,0lack alone,16,15,9,0,0,8,0,0
29,ALASKA,Asian alone,55,37,23,0,0,15,0,0
30,ALASKA,Hispanic (of any race),20,18,10,0,0,8,0,0
31,ALASKA,White alone or in com0ination,356,350,255,72,73,210,59,60
32,ALASKA,0lack alone or in com0ination,18,17,11,0,0,9,0,0
33,ALASKA,Asian alone or in com0ination,60,42,25,0,0,18,0,0
34,ARIZONA,Total,5361,4757,3262,61,69,2800,52,59
35,ARIZONA,Male,2606,2259,1539,59,68,1288,49,57
36,ARIZONA,Female,2755,2497,1723,63,69,1512,55,61
37,ARIZONA,White alone,4635,4168,2968,64,71,2535,55,61
38,ARIZONA,White non0Hispanic alone,3128,3065,2272,73,74,2000,64,65
39,ARIZONA,0lack alone,257,222,114,44,52,104,41,47
40,ARIZONA,Asian alone,198,106,63,32,60,59,30,56
41,ARIZONA,Hispanic (of any race),1624,1205,757,47,63,588,36,49
42,ARIZONA,White alone or in com0ination,4688,4216,2996,64,71,2563,55,61
43,ARIZONA,0lack alone or in com0ination,280,239,132,47,55,122,44,51
44,ARIZONA,Asian alone or in com0ination,209,117,71,34,61,67,32,57
45,ARKANSAS,Total,2261,2158,1262,56,59,919,41,43
46,ARKANSAS,Male,1093,1034,602,55,58,431,39,42
47,ARKANSAS,Female,1169,1125,660,57,59,488,42,43
48,ARKANSAS,White alone,1833,1765,1031,56,58,756,41,43
49,ARKANSAS,White non0Hispanic alone,1678,1676,995,59,59,737,44,44
50,ARKANSAS,0lack alone,327,317,178,55,56,132,40,42
51,ARKANSAS,Asian alone,37,19,9,0,0,6,0,0
52,ARKANSAS,Hispanic (of any race),172,102,43,25,42,21,12,21
53,ARKANSAS,White alone or in com0ination,1878,1805,1061,57,59,771,41,43
54,ARKANSAS,0lack alone or in com0ination,336,325,184,55,57,135,40,42
55,ARKANSAS,Asian alone or in com0ination,53,31,18,0,0,7,0,0
56,CALIFORNIA,Total,30243,25525,15690,52,62,13240,44,52
57,CALIFORNIA,Male,14767,12449,7372,50,59,6205,42,50
58,CALIFORNIA,Female,15476,13076,8318,54,64,7035,46,54
59,CALIFORNIA,White alone,21467,18311,11711,55,64,10005,47,55
60,CALIFORNIA,White non0Hispanic alone,11986,11587,8005,67,69,7116,59,61
61,CALIFORNIA,0lack alone,1912,1845,1061,56,58,933,49,51
62,CALIFORNIA,Asian alone,5222,3983,2061,40,52,1620,31,41
63,CALIFORNIA,Hispanic (of any race),10595,7613,4211,40,55,3300,31,43
64,CALIFORNIA,White alone or in com0ination,22303,19010,12125,54,64,10332,46,54
65,CALIFORNIA,0lack alone or in com0ination,2094,1999,1154,55,58,998,48,50
66,CALIFORNIA,Asian alone or in com0ination,5571,4320,2278,41,53,1795,32,42
67,COLORADO,Total,4353,4029,2645,61,66,2342,54,58
68,COLORADO,Male,2171,2004,1315,61,66,1144,53,57
69,COLORADO,Female,2182,2025,1330,61,66,1198,55,59
70,COLORADO,White alone,3911,3666,2439,62,67,2185,56,60
71,COLORADO,White non0Hispanic alone,3136,3107,2141,68,69,1945,62,63
72,COLORADO,0lack alone,185,170,73,40,43,51,28,30
73,COLORADO,Asian alone,156,93,75,48,81,66,42,72
74,COLORADO,Hispanic (of any race),806,590,323,40,55,259,32,44
75,COLORADO,White alone or in com0ination,3998,3753,2486,62,66,2213,55,59
76,COLORADO,0lack alone or in com0ination,219,204,88,40,43,63,29,31
77,COLORADO,Asian alone or in com0ination,185,121,89,48,74,73,39,60
78,CONNECTICUT,Total,2834,2539,1726,61,68,1370,48,54
79,CONNECTICUT,Male,1365,1222,804,59,66,662,49,54
80,CONNECTICUT,Female,1469,1316,921,63,70,708,48,54
81,CONNECTICUT,White alone,2326,2141,1483,64,69,1193,51,56
82,CONNECTICUT,White non0Hispanic alone,1934,1888,1347,70,71,1090,56,58
83,CONNECTICUT,0lack alone,319,258,158,50,61,124,39,48
84,CONNECTICUT,Asian alone,142,100,51,36,51,38,27,38
85,CONNECTICUT,Hispanic (of any race),464,293,164,35,56,120,26,41
86,CONNECTICUT,White alone or in com0ination,2356,2171,1506,64,69,1201,51,55
87,CONNECTICUT,0lack alone or in com0ination,335,274,174,52,64,132,40,48
88,CONNECTICUT,Asian alone or in com0ination,154,112,59,38,53,38,25,34
89,DELAWARE,Total,756,713,472,62,66,369,49,52
90,DELAWARE,Male,359,334,215,60,64,167,46,50
91,DELAWARE,Female,397,379,258,65,68,202,51,53
92,DELAWARE,White alone,540,513,340,63,66,264,49,51
93,DELAWARE,White non0Hispanic alone,477,468,316,66,68,247,52,53
94,DELAWARE,0lack alone,163,159,109,67,68,90,55,56
95,DELAWARE,Asian alone,41,28,15,0,0,11,0,0
96,DELAWARE,Hispanic (of any race),73,52,27,0,0,20,0,0
97,DELAWARE,White alone or in com0ination,548,521,346,63,67,266,49,51
98,DELAWARE,0lack alone or in com0ination,173,168,116,67,69,93,54,55
99,DELAWARE,Asian alone or in com0ination,43,31,15,0,0,11,0,0
100,DISTRICT OF COLUM0IA,Total,567,512,397,70,78,313,55,61
101,DISTRICT OF COLUM0IA,Male,264,235,179,68,76,141,53,60
102,DISTRICT OF COLUM0IA,Female,304,277,218,72,79,172,57,62
103,DISTRICT OF COLUM0IA,White alone,270,247,207,77,84,168,62,68
104,DISTRICT OF COLUM0IA,White non0Hispanic alone,235,223,191,81,86,155,66,70
105,DISTRICT OF COLUM0IA,0lack alone,251,228,163,65,72,123,49,54
106,DISTRICT OF COLUM0IA,Asian alone,30,22,16,0,0,13,0,0
107,DISTRICT OF COLUM0IA,Hispanic (of any race),53,35,24,0,0,20,0,0
108,DISTRICT OF COLUM0IA,White alone or in com0ination,281,257,214,76,83,174,62,68
109,DISTRICT OF COLUM0IA,0lack alone or in com0ination,258,234,169,66,72,128,50,55
110,DISTRICT OF COLUM0IA,Asian alone or in com0ination,33,25,17,0,0,14,0,0
111,FLORIDA,Total,16845,15047,9435,56,63,7918,47,53
112,FLORIDA,Male,8035,7145,4383,55,61,3648,45,51
113,FLORIDA,Female,8810,7902,5052,57,64,4270,49,54
114,FLORIDA,White alone,13425,12154,7798,58,64,6579,49,54
115,FLORIDA,White non0Hispanic alone,9592,9332,6211,65,67,5315,55,57
116,FLORIDA,0lack alone,2644,2317,1340,51,58,1094,41,47
117,FLORIDA,Asian alone,454,330,159,35,48,134,29,41
118,FLORIDA,Hispanic (of any race),4288,3146,1723,40,55,1393,33,44
119,FLORIDA,White alone or in com0ination,13676,12353,7899,58,64,6666,49,54
120,FLORIDA,0lack alone or in com0ination,2842,2463,1418,50,58,1167,41,47
121,FLORIDA,Asian alone or in com0ination,458,334,159,35,48,134,29,40
122,GEORGIA,Total,7850,7311,4840,62,66,4084,52,56
123,GEORGIA,Male,3700,3417,2189,59,64,1814,49,53
124,GEORGIA,Female,4150,3893,2651,64,68,2270,55,58
125,GEORGIA,White alone,4949,4686,3093,63,66,2581,52,55
126,GEORGIA,White non0Hispanic alone,4491,4454,2973,66,67,2496,56,56
127,GEORGIA,0lack alone,2439,2305,1577,65,68,1374,56,60
128,GEORGIA,Asian alone,318,191,108,34,56,84,26,44
129,GEORGIA,Hispanic (of any race),525,264,135,26,51,101,19,38
130,GEORGIA,White alone or in com0ination,5043,4780,3135,62,66,2609,52,55
131,GEORGIA,0lack alone or in com0ination,2495,2361,1600,64,68,1382,55,59
132,GEORGIA,Asian alone or in com0ination,327,200,108,33,54,84,26,42
133,HAWAII,Total,1057,971,523,50,54,427,40,44
134,HAWAII,Male,504,462,237,47,51,193,38,42
135,HAWAII,Female,553,509,287,52,56,234,42,46
136,HAWAII,White alone,237,231,137,58,59,111,47,48
137,HAWAII,White non0Hispanic alone,211,206,125,59,61,104,49,50
138,HAWAII,0lack alone,22,21,10,0,0,4,0,0
139,HAWAII,Asian alone,480,417,218,45,52,186,39,45
140,HAWAII,Hispanic (of any race),82,79,34,41,43,25,30,31
141,HAWAII,White alone or in com0ination,351,346,211,60,61,171,49,49
142,HAWAII,0lack alone or in com0ination,28,27,15,0,0,8,0,0
143,HAWAII,Asian alone or in com0ination,590,527,285,48,54,241,41,46
144,IDAHO,Total,1299,1226,743,57,61,587,45,48
145,IDAHO,Male,645,608,362,56,60,286,44,47
146,IDAHO,Female,654,618,381,58,62,301,46,49
147,IDAHO,White alone,1214,1163,708,58,61,555,46,48
148,IDAHO,White non0Hispanic alone,1048,1044,664,63,64,531,51,51
149,IDAHO,0lack alone,8,8,8,0,0,6,0,0
150,IDAHO,Asian alone,33,22,9,0,0,8,0,0
151,IDAHO,Hispanic (of any race),182,126,51,28,40,30,17,24
152,IDAHO,White alone or in com0ination,1232,1178,715,58,61,562,46,48
153,IDAHO,0lack alone or in com0ination,12,12,11,0,0,9,0,0
154,IDAHO,Asian alone or in com0ination,33,22,9,0,0,8,0,0
155,ILLINOIS,Total,9732,8947,6068,62,68,4740,49,53
156,ILLINOIS,Male,4711,4316,2794,59,65,2183,46,51
157,ILLINOIS,Female,5021,4630,3274,65,71,2557,51,55
158,ILLINOIS,White alone,7564,7078,4892,65,69,3802,50,54
159,ILLINOIS,White non0Hispanic alone,6248,6120,4436,71,73,3494,56,57
160,ILLINOIS,0lack alone,1334,1274,861,65,68,723,54,57
161,ILLINOIS,Asian alone,673,455,205,31,45,150,22,33
162,ILLINOIS,Hispanic (of any race),1458,1061,537,37,51,354,24,33
163,ILLINOIS,White alone or in com0ination,7666,7180,4973,65,69,3857,50,54
164,ILLINOIS,0lack alone or in com0ination,1382,1322,895,65,68,740,54,56
165,ILLINOIS,Asian alone or in com0ination,688,470,214,31,46,160,23,34
166,INDIANA,Total,5006,4792,3131,63,65,2364,47,49
167,INDIANA,Male,2404,2331,1522,63,65,1115,46,48
168,INDIANA,Female,2602,2461,1609,62,65,1249,48,51
169,INDIANA,White alone,4260,4125,2723,64,66,2066,49,50
170,INDIANA,White non0Hispanic alone,3937,3921,2634,67,67,1996,51,51
171,INDIANA,0lack alone,484,468,299,62,64,221,46,47
172,INDIANA,Asian alone,138,98,40,29,41,27,20,28
173,INDIANA,Hispanic (of any race),337,212,96,28,45,77,23,37
174,INDIANA,White alone or in com0ination,4342,4197,2775,64,66,2099,48,50
175,INDIANA,0lack alone or in com0ination,544,518,329,60,64,245,45,47
176,INDIANA,Asian alone or in com0ination,147,108,49,34,46,34,23,31
177,IOWA,Total,2376,2239,1658,70,74,1335,56,60
178,IOWA,Male,1176,1105,833,71,75,660,56,60
179,IOWA,Female,1201,1134,825,69,73,675,56,60
180,IOWA,White alone,2192,2119,1580,72,75,1270,58,60
181,IOWA,White non0Hispanic alone,2007,1983,1499,75,76,1206,60,61
182,IOWA,0lack alone,89,76,47,53,61,41,46,54
183,IOWA,Asian alone,62,22,14,0,0,12,0,0
184,IOWA,Hispanic (of any race),206,148,85,42,58,69,34,47
185,IOWA,White alone or in com0ination,2218,2133,1591,72,75,1279,58,60
186,IOWA,0lack alone or in com0ination,100,80,49,49,61,41,41,51
187,IOWA,Asian alone or in com0ination,72,26,19,0,0,16,0,0
188,KANSAS,Total,2149,2026,1449,67,72,1152,54,57
189,KANSAS,Male,1049,980,692,66,71,554,53,57
190,KANSAS,Female,1100,1046,757,69,72,598,54,57
191,KANSAS,White alone,1880,1777,1311,70,74,1028,55,58
192,KANSAS,White non0Hispanic alone,1667,1662,1249,75,75,982,59,59
193,KANSAS,0lack alone,129,125,65,50,52,58,45,47
194,KANSAS,Asian alone,59,46,33,0,0,33,0,0
195,KANSAS,Hispanic (of any race),231,134,71,31,53,55,24,41
196,KANSAS,White alone or in com0ination,1934,1831,1338,69,73,1050,54,57
197,KANSAS,0lack alone or in com0ination,136,131,66,49,51,60,44,45
198,KANSAS,Asian alone or in com0ination,64,51,36,0,0,36,0,0
199,KENTUCKY,Total,3370,3249,2389,71,74,1746,52,54
200,KENTUCKY,Male,1627,1553,1092,67,70,789,49,51
201,KENTUCKY,Female,1743,1696,1297,75,77,958,55,57
202,KENTUCKY,White alone,3014,2954,2194,73,74,1587,53,54
203,KENTUCKY,White non0Hispanic alone,2928,2921,2183,75,75,1579,54,54
204,KENTUCKY,0lack alone,248,233,164,66,71,131,53,56
205,KENTUCKY,Asian alone,82,37,14,17,0,12,14,0
206,KENTUCKY,Hispanic (of any race),96,37,15,16,0,12,13,0
207,KENTUCKY,White alone or in com0ination,3036,2976,2207,73,74,1600,53,54
208,KENTUCKY,0lack alone or in com0ination,264,248,171,65,69,138,52,56
209,KENTUCKY,Asian alone or in com0ination,82,37,14,17,0,12,14,0
210,LOUISIANA,Total,3458,3326,2263,65,68,1656,48,50
211,LOUISIANA,Male,1635,1557,1032,63,66,774,47,50
212,LOUISIANA,Female,1823,1770,1231,68,70,882,48,50
213,LOUISIANA,White alone,2212,2120,1501,68,71,1075,49,51
214,LOUISIANA,White non0Hispanic alone,2047,2023,1455,71,72,1046,51,52
215,LOUISIANA,0lack alone,1076,1072,688,64,64,531,49,50
216,LOUISIANA,Asian alone,60,34,17,0,0,9,0,0
217,LOUISIANA,Hispanic (of any race),189,112,56,30,50,35,18,31
218,LOUISIANA,White alone or in com0ination,2289,2188,1543,67,71,1106,48,51
219,LOUISIANA,0lack alone or in com0ination,1133,1125,712,63,63,552,49,49
220,LOUISIANA,Asian alone or in com0ination,70,42,23,0,0,12,0,0
221,MAINE,Total,1074,1056,828,77,78,693,65,66
222,MAINE,Male,527,519,397,75,77,329,62,63
223,MAINE,Female,546,537,431,79,80,364,67,68
224,MAINE,White alone,1011,1002,796,79,79,669,66,67
225,MAINE,White non0Hispanic alone,1001,994,788,79,79,666,67,67
226,MAINE,0lack alone,17,11,5,0,0,3,0,0
227,MAINE,Asian alone,20,17,6,0,0,6,0,0
228,MAINE,Hispanic (of any race),11,10,8,0,0,3,0,0
229,MAINE,White alone or in com0ination,1032,1023,815,79,80,682,66,67
230,MAINE,0lack alone or in com0ination,20,14,7,0,0,5,0,0
231,MAINE,Asian alone or in com0ination,20,17,6,0,0,6,0,0
232,MARYLAND,Total,4666,4281,3095,66,72,2320,50,54
233,MARYLAND,Male,2217,2047,1457,66,71,1107,50,54
234,MARYLAND,Female,2449,2235,1639,67,73,1213,50,54
235,MARYLAND,White alone,2800,2635,2021,72,77,1536,55,58
236,MARYLAND,White non0Hispanic alone,2466,2421,1869,76,77,1414,57,58
237,MARYLAND,0lack alone,1414,1293,856,61,66,630,45,49
238,MARYLAND,Asian alone,315,217,142,45,65,94,30,43
239,MARYLAND,Hispanic (of any race),500,328,195,39,60,158,32,48
240,MARYLAND,White alone or in com0ination,2874,2708,2064,72,76,1572,55,58
241,MARYLAND,0lack alone or in com0ination,1467,1346,887,61,66,651,44,48
242,MARYLAND,Asian alone or in com0ination,331,234,154,47,66,103,31,44
243,MASSACHUSETTS,Total,5460,4919,3345,61,68,2731,50,56
244,MASSACHUSETTS,Male,2594,2335,1556,60,67,1280,49,55
245,MASSACHUSETTS,Female,2866,2583,1789,62,69,1451,51,56
246,MASSACHUSETTS,White alone,4417,4156,2934,66,71,2397,54,58
247,MASSACHUSETTS,White non0Hispanic alone,4006,3858,2737,68,71,2266,57,59
248,MASSACHUSETTS,0lack alone,454,413,240,53,58,194,43,47
249,MASSACHUSETTS,Asian alone,416,234,113,27,48,101,24,43
250,MASSACHUSETTS,Hispanic (of any race),565,414,249,44,60,177,31,43
251,MASSACHUSETTS,White alone or in com0ination,4584,4266,2993,65,70,2437,53,57
252,MASSACHUSETTS,0lack alone or in com0ination,561,464,258,46,56,203,36,44
253,MASSACHUSETTS,Asian alone or in com0ination,467,284,144,31,51,125,27,44
254,MICHIGAN,Total,7657,7430,5453,71,73,4418,58,60
255,MICHIGAN,Male,3688,3564,2563,70,72,2072,56,58
256,MICHIGAN,Female,3970,3866,2890,73,75,2346,59,61
257,MICHIGAN,White alone,6257,6171,4620,74,75,3724,60,60
258,MICHIGAN,White non0Hispanic alone,6033,5973,4526,75,76,3648,61,61
259,MICHIGAN,0lack alone,1027,1003,670,65,67,557,54,56
260,MICHIGAN,Asian alone,242,134,91,38,68,72,30,54
261,MICHIGAN,Hispanic (of any race),241,203,99,41,49,81,34,40
262,MICHIGAN,White alone or in com0ination,6335,6243,4671,74,75,3770,60,60
263,MICHIGAN,0lack alone or in com0ination,1078,1048,690,64,66,571,53,55
264,MICHIGAN,Asian alone or in com0ination,265,157,114,43,73,96,36,61
265,MINNESOTA,Total,4238,4006,3000,71,75,2523,60,63
266,MINNESOTA,Male,2099,1969,1429,68,73,1194,57,61
267,MINNESOTA,Female,2139,2037,1570,73,77,1329,62,65
268,MINNESOTA,White alone,3632,3537,2727,75,77,2286,63,65
269,MINNESOTA,White non0Hispanic alone,3485,3471,2683,77,77,2249,65,65
270,MINNESOTA,0lack alone,252,194,128,51,66,106,42,55
271,MINNESOTA,Asian alone,225,157,78,35,50,68,30,43
272,MINNESOTA,Hispanic (of any race),156,65,44,28,0,37,24,0
273,MINNESOTA,White alone or in com0ination,3698,3593,2772,75,77,2327,63,65
274,MINNESOTA,0lack alone or in com0ination,287,219,153,54,70,127,45,58
275,MINNESOTA,Asian alone or in com0ination,241,172,93,39,54,83,35,48
276,MISSISSIPPI,Total,2194,2178,1599,73,73,1180,54,54
277,MISSISSIPPI,Male,1027,1016,718,70,71,531,52,52
278,MISSISSIPPI,Female,1167,1162,881,76,76,650,56,56
279,MISSISSIPPI,White alone,1353,1341,956,71,71,688,51,51
280,MISSISSIPPI,White non0Hispanic alone,1317,1314,943,72,72,679,52,52
281,MISSISSIPPI,0lack alone,798,796,621,78,78,476,60,60
282,MISSISSIPPI,Asian alone,16,14,3,0,0,0,0,0
283,MISSISSIPPI,Hispanic (of any race),44,33,16,0,0,11,0,0
284,MISSISSIPPI,White alone or in com0ination,1370,1359,969,71,71,700,51,52
285,MISSISSIPPI,0lack alone or in com0ination,812,809,630,78,78,484,60,60
286,MISSISSIPPI,Asian alone or in com0ination,19,17,5,0,0,0,0,0
287,MISSOURI,Total,4676,4564,3299,71,72,2509,54,55
288,MISSOURI,Male,2243,2202,1541,69,70,1162,52,53
289,MISSOURI,Female,2433,2361,1758,72,75,1346,55,57
290,MISSOURI,White alone,4006,3944,2887,72,73,2227,56,57
291,MISSOURI,White non0Hispanic alone,3874,3856,2839,73,74,2185,56,57
292,MISSOURI,0lack alone,504,497,326,65,66,238,47,48
293,MISSOURI,Asian alone,55,35,17,0,0,3,0,0
294,MISSOURI,Hispanic (of any race),176,108,53,30,49,47,27,43
295,MISSOURI,White alone or in com0ination,4060,3991,2927,72,73,2253,56,57
296,MISSOURI,0lack alone or in com0ination,531,519,340,64,66,245,46,47
297,MISSOURI,Asian alone or in com0ination,55,35,17,0,0,3,0,0
298,MONTANA,Total,822,812,579,70,71,518,63,64
299,MONTANA,Male,405,402,279,69,70,247,61,62
300,MONTANA,Female,417,411,300,72,73,271,65,66
301,MONTANA,White alone,769,760,546,71,72,494,64,65
302,MONTANA,White non0Hispanic alone,747,740,534,72,72,483,65,65
303,MONTANA,0lack alone,4,4,1,0,0,0,0,0
304,MONTANA,Asian alone,5,4,3,0,0,3,0,0
305,MONTANA,Hispanic (of any race),22,20,11,0,0,11,0,0
306,MONTANA,White alone or in com0ination,784,775,557,71,72,504,64,65
307,MONTANA,0lack alone or in com0ination,7,7,3,0,0,1,0,0
308,MONTANA,Asian alone or in com0ination,8,7,5,0,0,4,0,0
309,NE0RASKA,Total,1428,1332,883,62,66,676,47,51
310,NE0RASKA,Male,710,652,418,59,64,314,44,48
311,NE0RASKA,Female,718,680,466,65,69,362,51,53
312,NE0RASKA,White alone,1277,1203,822,64,68,633,50,53
313,NE0RASKA,White non0Hispanic alone,1113,1108,782,70,71,606,55,55
314,NE0RASKA,0lack alone,60,59,26,0,0,15,0,0
315,NE0RASKA,Asian alone,58,37,11,0,0,8,0,0
316,NE0RASKA,Hispanic (of any race),175,105,50,29,48,34,20,33
317,NE0RASKA,White alone or in com0ination,1301,1226,839,65,68,649,50,53
318,NE0RASKA,0lack alone or in com0ination,66,65,29,0,0,18,0,0
319,NE0RASKA,Asian alone or in com0ination,60,40,11,0,0,8,0,0
320,NEVADA,Total,2324,2067,1277,55,62,1006,43,49
321,NEVADA,Male,1145,1043,616,54,59,497,43,48
322,NEVADA,Female,1179,1024,662,56,65,509,43,50
323,NEVADA,White alone,1731,1573,1009,58,64,818,47,52
324,NEVADA,White non0Hispanic alone,1261,1239,850,67,69,701,56,57
325,NEVADA,0lack alone,197,178,108,55,61,65,33,37
326,NEVADA,Asian alone,230,177,69,30,39,49,21,28
327,NEVADA,Hispanic (of any race),584,415,212,36,51,156,27,38
328,NEVADA,White alone or in com0ination,1798,1635,1058,59,65,854,48,52
329,NEVADA,0lack alone or in com0ination,205,185,114,56,62,69,34,37
330,NEVADA,Asian alone or in com0ination,248,195,78,32,40,58,23,30
331,NEW HAMPSHIRE,Total,1080,1025,726,67,71,576,53,56
332,NEW HAMPSHIRE,Male,530,507,359,68,71,280,53,55
333,NEW HAMPSHIRE,Female,550,519,367,67,71,296,54,57
334,NEW HAMPSHIRE,White alone,1002,978,698,70,71,556,56,57
335,NEW HAMPSHIRE,White non0Hispanic alone,970,956,683,70,71,545,56,57
336,NEW HAMPSHIRE,0lack alone,16,4,2,0,0,2,0,0
337,NEW HAMPSHIRE,Asian alone,38,23,15,0,0,10,0,0
338,NEW HAMPSHIRE,Hispanic (of any race),42,25,18,0,0,14,0,0
339,NEW HAMPSHIRE,White alone or in com0ination,1019,991,706,69,71,562,55,57
340,NEW HAMPSHIRE,0lack alone or in com0ination,27,12,7,0,0,6,0,0
341,NEW HAMPSHIRE,Asian alone or in com0ination,41,26,17,0,0,13,0,0
342,NEW JERSEY,Total,7009,6267,4297,61,69,3384,48,54
343,NEW JERSEY,Male,3348,2998,2046,61,68,1577,47,53
344,NEW JERSEY,Female,3660,3269,2251,62,69,1808,49,55
345,NEW JERSEY,White alone,5227,4788,3349,64,70,2678,51,56
346,NEW JERSEY,White non0Hispanic alone,4081,3944,2847,70,72,2283,56,58
347,NEW JERSEY,0lack alone,1013,917,611,60,67,472,47,52
348,NEW JERSEY,Asian alone,690,483,281,41,58,188,27,39
349,NEW JERSEY,Hispanic (of any race),1259,920,578,46,63,471,37,51
350,NEW JERSEY,White alone or in com0ination,5302,4863,3401,64,70,2725,51,56
351,NEW JERSEY,0lack alone or in com0ination,1081,985,663,61,67,515,48,52
352,NEW JERSEY,Asian alone or in com0ination,697,490,284,41,58,191,27,39
353,NEW MEXICO,Total,1576,1485,916,58,62,715,45,48
354,NEW MEXICO,Male,761,715,422,56,59,327,43,46
355,NEW MEXICO,Female,815,770,493,61,64,387,48,50
356,NEW MEXICO,White alone,1251,1178,764,61,65,616,49,52
357,NEW MEXICO,White non0Hispanic alone,644,634,465,72,73,388,60,61
358,NEW MEXICO,0lack alone,30,27,15,0,0,9,0,0
359,NEW MEXICO,Asian alone,32,21,9,0,0,7,0,0
360,NEW MEXICO,Hispanic (of any race),666,597,322,48,54,242,36,41
361,NEW MEXICO,White alone or in com0ination,1284,1206,777,61,65,626,49,52
362,NEW MEXICO,0lack alone or in com0ination,39,36,19,0,0,11,0,0
363,NEW MEXICO,Asian alone or in com0ination,35,25,10,0,0,8,0,0
364,NEW YORK,Total,15478,13684,8553,55,63,6775,44,50
365,NEW YORK,Male,7364,6512,3934,53,60,3081,42,47
366,NEW YORK,Female,8113,7171,4619,57,64,3694,46,52
367,NEW YORK,White alone,11157,10070,6474,58,64,5129,46,51
368,NEW YORK,White non0Hispanic alone,9108,8708,5770,63,66,4604,51,53
369,NEW YORK,0lack alone,2570,2305,1410,55,61,1182,46,51
370,NEW YORK,Asian alone,1443,1061,504,35,48,344,24,32
371,NEW YORK,Hispanic (of any race),2604,1785,963,37,54,731,28,41
372,NEW YORK,White alone or in com0ination,11374,10239,6590,58,64,5215,46,51
373,NEW YORK,0lack alone or in com0ination,2721,2414,1481,54,61,1236,45,51
374,NEW YORK,Asian alone or in com0ination,1467,1085,523,36,48,358,24,33
375,NORTH CAROLINA,Total,7911,7444,5160,65,69,3899,49,52
376,NORTH CAROLINA,Male,3748,3495,2384,64,68,1822,49,52
377,NORTH CAROLINA,Female,4163,3949,2776,67,70,2077,50,53
378,NORTH CAROLINA,White alone,5775,5400,3830,66,71,2903,50,54
379,NORTH CAROLINA,White non0Hispanic alone,5239,5170,3721,71,72,2814,54,54
380,NORTH CAROLINA,0lack alone,1685,1646,1110,66,67,852,51,52
381,NORTH CAROLINA,Asian alone,186,149,90,49,61,68,36,46
382,NORTH CAROLINA,Hispanic (of any race),588,268,131,22,49,104,18,39
383,NORTH CAROLINA,White alone or in com0ination,5865,5474,3889,66,71,2939,50,54
384,NORTH CAROLINA,0lack alone or in com0ination,1748,1696,1156,66,68,872,50,51
385,NORTH CAROLINA,Asian alone or in com0ination,198,159,95,48,60,73,37,46
386,NORTH DAKOTA,Total,560,541,397,71,73,335,60,62
387,NORTH DAKOTA,Male,286,275,194,68,71,160,56,58
388,NORTH DAKOTA,Female,274,266,204,74,77,175,64,66
389,NORTH DAKOTA,White alone,499,494,368,74,75,315,63,64
390,NORTH DAKOTA,White non0Hispanic alone,488,483,362,74,75,311,64,64
391,NORTH DAKOTA,0lack alone,14,6,2,0,0,1,0,0
392,NORTH DAKOTA,Asian alone,8,3,0,0,0,0,0,0
393,NORTH DAKOTA,Hispanic (of any race),16,15,10,0,0,7,0,0
394,NORTH DAKOTA,White alone or in com0ination,507,501,374,74,75,320,63,64
395,NORTH DAKOTA,0lack alone or in com0ination,15,7,3,0,0,2,0,0
396,NORTH DAKOTA,Asian alone or in com0ination,9,4,2,0,0,1,0,0
397,OHIO,Total,8873,8640,6062,68,70,4538,51,53
398,OHIO,Male,4294,4158,2840,66,68,2035,47,49
399,OHIO,Female,4579,4482,3222,70,72,2503,55,56
400,OHIO,White alone,7372,7280,5152,70,71,3889,53,53
401,OHIO,White non0Hispanic alone,7203,7142,5058,70,71,3849,53,54
402,OHIO,0lack alone,1054,1010,707,67,70,519,49,51
403,OHIO,Asian alone,207,129,93,45,72,65,31,50
404,OHIO,Hispanic (of any race),235,185,121,52,65,60,26,33
405,OHIO,White alone or in com0ination,7519,7420,5215,69,70,3920,52,53
406,OHIO,0lack alone or in com0ination,1171,1120,761,65,68,544,47,49
407,OHIO,Asian alone or in com0ination,223,145,98,44,67,69,31,48
408,OKLAHOMA,Total,2868,2732,1777,62,65,1350,47,49
409,OKLAHOMA,Male,1388,1330,824,59,62,626,45,47
410,OKLAHOMA,Female,1480,1402,953,64,68,724,49,52
411,OKLAHOMA,White alone,2254,2148,1422,63,66,1098,49,51
412,OKLAHOMA,White non0Hispanic alone,1957,1951,1341,69,69,1035,53,53
413,OKLAHOMA,0lack alone,195,184,90,46,49,61,31,33
414,OKLAHOMA,Asian alone,70,50,23,0,0,15,0,0
415,OKLAHOMA,Hispanic (of any race),310,210,88,29,42,71,23,34
416,OKLAHOMA,White alone or in com0ination,2370,2264,1510,64,67,1162,49,51
417,OKLAHOMA,0lack alone or in com0ination,212,201,103,49,51,72,34,36
418,OKLAHOMA,Asian alone or in com0ination,73,53,26,0,0,18,0,0
419,OREGON,Total,3293,3138,2274,69,73,1918,58,61
420,OREGON,Male,1612,1542,1078,67,70,912,57,59
421,OREGON,Female,1681,1596,1197,71,75,1006,60,63
422,OREGON,White alone,2874,2781,2059,72,74,1769,62,64
423,OREGON,White non0Hispanic alone,2584,2569,1956,76,76,1694,66,66
424,OREGON,0lack alone,78,71,43,56,0,41,52,0
425,OREGON,Asian alone,172,138,71,41,51,36,21,26
426,OREGON,Hispanic (of any race),365,267,140,38,52,93,25,35
427,OREGON,White alone or in com0ination,3005,2892,2138,71,74,1826,61,63
428,OREGON,0lack alone or in com0ination,97,90,59,61,65,52,53,58
429,OREGON,Asian alone or in com0ination,189,155,83,44,54,41,22,26
430,PENNSYLVANIA,Total,9928,9475,6469,65,68,5173,52,55
431,PENNSYLVANIA,Male,4736,4532,3056,65,67,2445,52,54
432,PENNSYLVANIA,Female,5192,4943,3414,66,69,2728,53,55
433,PENNSYLVANIA,White alone,8277,8073,5628,68,70,4461,54,55
434,PENNSYLVANIA,White non0Hispanic alone,7712,7635,5434,71,71,4323,56,57
435,PENNSYLVANIA,0lack alone,1059,1028,653,62,64,562,53,55
436,PENNSYLVANIA,Asian alone,423,230,106,25,46,87,21,38
437,PENNSYLVANIA,Hispanic (of any race),657,529,218,33,41,154,23,29
438,PENNSYLVANIA,White alone or in com0ination,8418,8189,5693,68,70,4510,54,55
439,PENNSYLVANIA,0lack alone or in com0ination,1169,1113,700,60,63,589,50,53
440,PENNSYLVANIA,Asian alone or in com0ination,440,247,123,28,50,104,24,42
441,RHODE ISLAND,Total,828,782,532,64,68,403,49,52
442,RHODE ISLAND,Male,394,373,238,61,64,186,47,50
443,RHODE ISLAND,Female,435,408,293,68,72,217,50,53
444,RHODE ISLAND,White alone,724,699,488,67,70,374,52,53
445,RHODE ISLAND,White non0Hispanic alone,642,633,447,70,71,345,54,55
446,RHODE ISLAND,0lack alone,53,45,26,0,0,16,0,0
447,RHODE ISLAND,Asian alone,26,16,7,0,0,5,0,0
448,RHODE ISLAND,Hispanic (of any race),98,79,44,45,56,30,31,38
449,RHODE ISLAND,White alone or in com0ination,746,718,498,67,69,382,51,53
450,RHODE ISLAND,0lack alone or in com0ination,71,60,34,0,0,23,0,0
451,RHODE ISLAND,Asian alone or in com0ination,30,19,7,0,0,5,0,0
452,SOUTH CAROLINA,Total,3914,3769,2430,62,65,1836,47,49
453,SOUTH CAROLINA,Male,1849,1767,1121,61,64,828,45,47
454,SOUTH CAROLINA,Female,2066,2002,1309,63,65,1007,49,50
455,SOUTH CAROLINA,White alone,2790,2677,1727,62,65,1276,46,48
456,SOUTH CAROLINA,White non0Hispanic alone,2610,2588,1690,65,65,1257,48,49
457,SOUTH CAROLINA,0lack alone,1000,996,646,65,65,519,52,52
458,SOUTH CAROLINA,Asian alone,54,29,19,0,0,9,0,0
459,SOUTH CAROLINA,Hispanic (of any race),207,110,36,18,33,19,9,18
460,SOUTH CAROLINA,White alone or in com0ination,2836,2722,1756,62,65,1298,46,48
461,SOUTH CAROLINA,0lack alone or in com0ination,1041,1036,672,65,65,539,52,52
462,SOUTH CAROLINA,Asian alone or in com0ination,56,32,19,0,0,9,0,0
463,SOUTH DAKOTA,Total,648,637,429,66,67,331,51,52
464,SOUTH DAKOTA,Male,325,319,207,64,65,160,49,50
465,SOUTH DAKOTA,Female,323,318,222,69,70,170,53,54
466,SOUTH DAKOTA,White alone,573,568,392,69,69,305,53,54
467,SOUTH DAKOTA,White non0Hispanic alone,561,559,389,69,70,303,54,54
468,SOUTH DAKOTA,0lack alone,12,7,2,0,0,1,0,0
469,SOUTH DAKOTA,Asian alone,5,3,1,0,0,1,0,0
470,SOUTH DAKOTA,Hispanic (of any race),15,13,5,0,0,4,0,0
471,SOUTH DAKOTA,White alone or in com0ination,579,575,395,68,69,308,53,54
472,SOUTH DAKOTA,0lack alone or in com0ination,14,9,2,0,0,1,0,0
473,SOUTH DAKOTA,Asian alone or in com0ination,6,4,2,0,0,2,0,0
474,TENNESSEE,Total,5202,5016,3183,61,64,2487,48,50
475,TENNESSEE,Male,2501,2386,1476,59,62,1174,47,49
476,TENNESSEE,Female,2701,2630,1707,63,65,1313,49,50
477,TENNESSEE,White alone,4156,4015,2606,63,65,2039,49,51
478,TENNESSEE,White non0Hispanic alone,3879,3852,2536,65,66,1991,51,52
479,TENNESSEE,0lack alone,830,801,484,58,60,368,44,46
480,TENNESSEE,Asian alone,109,97,32,29,33,29,27,30
481,TENNESSEE,Hispanic (of any race),282,167,69,25,41,48,17,29
482,TENNESSEE,White alone or in com0ination,4244,4099,2660,63,65,2087,49,51
483,TENNESSEE,0lack alone or in com0ination,866,837,496,57,59,376,44,45
484,TENNESSEE,Asian alone or in com0ination,124,109,36,29,33,34,27,31
485,TEXAS,Total,21064,18374,11634,55,63,8886,42,48
486,TEXAS,Male,10274,8812,5361,52,61,4064,40,46
487,TEXAS,Female,10790,9562,6273,58,66,4822,45,50
488,TEXAS,White alone,16689,14555,9331,56,64,7158,43,49
489,TEXAS,White non0Hispanic alone,9492,9345,6686,70,72,5394,57,58
490,TEXAS,0lack alone,2625,2490,1580,60,63,1203,46,48
491,TEXAS,Asian alone,1097,736,397,36,54,288,26,39
492,TEXAS,Hispanic (of any race),7658,5594,2843,37,51,1918,25,34
493,TEXAS,White alone or in com0ination,16991,14838,9496,56,64,7276,43,49
494,TEXAS,0lack alone or in com0ination,2722,2583,1629,60,63,1231,45,48
495,TEXAS,Asian alone or in com0ination,1192,831,471,40,57,354,30,43
496,UTAH,Total,2247,2109,1443,64,68,1214,54,58
497,UTAH,Male,1109,1040,691,62,66,568,51,55
498,UTAH,Female,1138,1068,752,66,70,646,57,61
499,UTAH,White alone,2080,1969,1385,67,70,1171,56,60
500,UTAH,White non0Hispanic alone,1799,1785,1293,72,72,1092,61,61
501,UTAH,0lack alone,31,29,8,0,0,5,0,0
502,UTAH,Asian alone,63,44,26,0,0,22,0,0
503,UTAH,Hispanic (of any race),291,189,96,33,51,82,28,44
504,UTAH,White alone or in com0ination,2091,1979,1392,67,70,1175,56,59
505,UTAH,0lack alone or in com0ination,35,33,12,0,0,10,0,0
506,UTAH,Asian alone or in com0ination,67,48,26,0,0,22,0,0
507,VERMONT,Total,503,497,343,68,69,273,54,55
508,VERMONT,Male,247,243,168,68,69,132,54,54
509,VERMONT,Female,257,253,175,68,69,141,55,56
510,VERMONT,White alone,478,473,330,69,70,263,55,56
511,VERMONT,White non0Hispanic alone,472,466,323,69,69,258,55,55
512,VERMONT,0lack alone,4,4,2,0,0,1,0,0
513,VERMONT,Asian alone,5,4,3,0,0,3,0,0
514,VERMONT,Hispanic (of any race),8,8,7,0,0,6,0,0
515,VERMONT,White alone or in com0ination,493,486,338,69,70,268,55,55
516,VERMONT,0lack alone or in com0ination,7,7,3,0,0,2,0,0
517,VERMONT,Asian alone or in com0ination,8,7,5,0,0,3,0,0
518,VIRGINIA,Total,6386,5773,4159,65,72,3319,52,58
519,VIRGINIA,Male,3051,2724,1958,64,72,1578,52,58
520,VIRGINIA,Female,3335,3049,2201,66,72,1742,52,57
521,VIRGINIA,White alone,4496,4094,3065,68,75,2412,54,59
522,VIRGINIA,White non0Hispanic alone,3874,3808,2924,76,77,2314,60,61
523,VIRGINIA,0lack alone,1198,1130,754,63,67,637,53,56
524,VIRGINIA,Asian alone,510,368,226,44,61,169,33,46
525,VIRGINIA,Hispanic (of any race),669,324,159,24,49,112,17,35
526,VIRGINIA,White alone or in com0ination,4617,4215,3156,68,75,2490,54,59
527,VIRGINIA,0lack alone or in com0ination,1258,1190,786,63,66,664,53,56
528,VIRGINIA,Asian alone or in com0ination,587,445,286,49,64,224,38,50
529,WASHINGTON,Total,5775,5228,3852,67,74,3234,56,62
530,WASHINGTON,Male,2869,2590,1861,65,72,1541,54,60
531,WASHINGTON,Female,2906,2638,1991,69,76,1693,58,64
532,WASHINGTON,White alone,4663,4314,3219,69,75,2736,59,63
533,WASHINGTON,White non0Hispanic alone,3995,3905,2983,75,76,2558,64,66
534,WASHINGTON,0lack alone,232,232,155,67,67,103,44,44
535,WASHINGTON,Asian alone,530,356,262,49,73,224,42,63
536,WASHINGTON,Hispanic (of any race),736,468,267,36,57,204,28,44
537,WASHINGTON,White alone or in com0ination,4792,4434,3321,69,75,2816,59,64
538,WASHINGTON,0lack alone or in com0ination,255,255,175,68,68,117,46,46
539,WASHINGTON,Asian alone or in com0ination,559,386,287,51,75,237,42,62
540,WEST VIRGINIA,Total,1406,1384,892,63,65,610,43,44
541,WEST VIRGINIA,Male,685,674,423,62,63,294,43,44
542,WEST VIRGINIA,Female,721,710,470,65,66,316,44,45
543,WEST VIRGINIA,White alone,1312,1303,856,65,66,585,45,45
544,WEST VIRGINIA,White non0Hispanic alone,1291,1286,847,66,66,582,45,45
545,WEST VIRGINIA,0lack alone,49,47,19,0,0,12,0,0
546,WEST VIRGINIA,Asian alone,17,6,4,0,0,3,0,0
547,WEST VIRGINIA,Hispanic (of any race),24,20,10,0,0,4,0,0
548,WEST VIRGINIA,White alone or in com0ination,1334,1324,867,65,66,594,45,45
549,WEST VIRGINIA,0lack alone or in com0ination,64,63,29,0,0,19,0,0
550,WEST VIRGINIA,Asian alone or in com0ination,19,7,5,0,0,4,0,0
551,WISCONSIN,Total,4436,4296,3129,71,73,2776,63,65
552,WISCONSIN,Male,2186,2105,1519,70,72,1328,61,63
553,WISCONSIN,Female,2250,2191,1610,72,74,1448,64,66
554,WISCONSIN,White alone,3948,3865,2883,73,75,2574,65,67
555,WISCONSIN,White non0Hispanic alone,3782,3759,2815,75,75,2514,67,67
556,WISCONSIN,0lack alone,264,239,137,52,57,110,42,46
557,WISCONSIN,Asian alone,89,79,52,59,66,52,59,66
558,WISCONSIN,Hispanic (of any race),232,142,91,39,64,84,36,59
559,WISCONSIN,White alone or in com0ination,4015,3932,2923,73,74,2599,65,66
560,WISCONSIN,0lack alone or in com0ination,313,266,159,51,60,123,39,46
561,WISCONSIN,Asian alone or in com0ination,94,84,57,61,68,57,61,68
562,WYOMING,Total,430,422,268,62,64,220,51,52
563,WYOMING,Male,216,212,134,62,63,107,50,51
564,WYOMING,Female,214,210,135,63,64,113,53,54
565,WYOMING,White alone,408,402,259,64,65,214,53,53
566,WYOMING,White non0Hispanic alone,369,368,244,66,66,202,55,55
567,WYOMING,0lack alone,5,4,3,0,0,2,0,0
568,WYOMING,Asian alone,3,1,0,0,0,0,0,0
569,WYOMING,Hispanic (of any race),41,37,16,0,0,13,0,0
570,WYOMING,White alone or in com0ination,410,405,261,64,64,216,53,53
571,WYOMING,0lack alone or in com0ination,6,5,3,0,0,2,0,0
572,WYOMING,Asian alone or in com0ination,3,1,0,0,0,0,0,0
